제목,방송 기간,방송 횟수,장르,채널,제작사,극본,출연자,방송 시작
외과의사봉달희,  2007년 1월 17일 ~ 2007년 3월 15일 ,  18부작 ,  의학 드라마 ,  SBS ,  DSP미디어 ,  이정선 ,"  이요원, 이범수, 김민준, 오윤아 外 ",2007-01-17 00:00:00
"단,하나의사랑",  2019년 5월 22일 ~ 2019년  7월 11일 ,  32부작,"  판타지, 로맨스 ",  KBS 2TV ,"  빅토리콘텐츠, 몬스터유니온 ",,"  신혜선, 엘(인피니트), 이동건, 김보미(1987) 外 ",2019-05-22 00:00:00
백일의낭군님,  2018년 9월 10일 ~ 10월 30일 ,  16부작 ,  미스터리 로맨스 픽션사극 ,  tvN ,  에이스토리 ,  노지설  ,"  도경수, 남지현 外  ",2018-09-10 00:00:00
러브홀릭,  2005년 5월 2일 ~ 2005년 6월 21일 ,  16부작 ,"  멜로, 드라마 ",  KBS 2TV ,  KBS 2TV 자체제작 ,  이향희  ,"  김규리(1979년 10월), 강타, 이선균, 유인영 外 ",2005-05-02 00:00:00
왜그래풍상씨,  2019년 1월 9일 ~ 2019년 3월 14일 ,  40부작 + 스페셜 1부작  ,,  KBS 2TV ,"  초록뱀미디어, 팬 엔터테인먼트 ",  문영남 ,"  유준상, 오지호(배우), 전혜빈, 이시영(배우), 이창엽(배우) 外 ",2019-01-09 00:00:00
풍문으로들었소,  2015년 2월 23일 ~ 2015년 6월 2일 ,  30부작 ,  블랙 코미디 ,  SBS ,  팬 엔터테인먼트 ,  정성주 ,"  유준상, 유호정, 이준(배우), 고아성 外 ",2015-02-23 00:00:00
내생애봄날,  2014년 9월 10일 ~ 2014년 10월 30일 ,  16부작 ,"  드라마, 멜로 ",  문화방송 ,  MBC 드라마 제작국 ,  박지숙 ,"  감우성, 수영(소녀시대), 이준혁, 장신영 外 ",2014-09-10 00:00:00
내여자친구는구미호,  2010년 8월 11일 ~ 2010년 9월 30일 ,  16부작 ,"  드라마, 로맨틱 코미디 ",  SBS ,  본팩토리 ,  홍자매 ,"  이승기, 신민아 外 ",2010-08-11 00:00:00
빛과그림자,  2011년 11월 28일 ~ 2012년 7월 3일 ,  64부작 ,  시대극 ,  문화방송 ,"  빛과 그림자 문전사, 케이팍스 ",  최완규 ,"  안재욱, 남상미, 이필모, 손담비, 전광렬, 이종원 外 ",2011-11-28 00:00:00
손theguest,  2018년 9월 12일 ~ 2018년 11월 1일 ,  16부작 ,"  범죄, 스릴러, 공포, 오컬트 ",  OCN ,  스튜디오 드래곤 ,"  권소라, 서재원 ","  김동욱(배우), 김재욱(배우), 정은채 外 ",2018-09-12 00:00:00
냄새를보는소녀,  2015년 4월 1일 ~ 2015년 5월 21일 ,  16부작 ,"  범죄, 로맨틱 코미디 ",  SBS ,  SBS Plus ,  이희명 ,"  신세경, 박유천, 남궁민, 윤진서 外 ",2015-04-01 00:00:00
러브스토리인하버드,  2004년 11월 22일 ~ 2005년 1월 11일 ,  16부작 ,,  SBS ,"  http://www.logosfilm.co.kr/, JS픽쳐스 ","  최완규, 손은혜 ","  김래원, 김태희, 이정진, 김민(배우), 강남길 등 ",2004-11-22 00:00:00
라이어게임,  2014년 10월 20일 ~ 2014년 11월 25일 ,  총 12부작 ,,  tvN ,,  류용재 ,"  이상윤(배우), 신성록, 김소은 ",2014-10-20 00:00:00
대한민국변호사,  2008년 7월 9일 ~ 2008년 9월 4일 ,  16부작 ,,  문화방송 ,  	SL프로덕션 ,  서숙향 ,"  이성재, 이수경, 류수영, 한은정 外 ",2008-07-09 00:00:00
황금무지개,  2013년 11월 2일 ~ 2014년 3월 30일 ,  41부작 ,,  문화방송 ,  메이퀸픽쳐스 ,"  손영목, 차이영 ","  유이(배우), 정일우, 이재윤, 차예련, 김상중 外 ",2013-11-02 00:00:00
신의,  2012년 8월 13일 ~ 2012년 10월 30일 ,  24부작 ,,  SBS ,  신의문화산업전문회사 ,  송지나 ,"  이민호(1987), 김희선, 류덕환, 박세영, 유오성 外 ",2012-08-13 00:00:00
꽃보다아름다워,  2004년 1월 1일 ~ 2004년 4월 14일 ,  30부작 ,,  한국방송공사 ,,  노희경 ,"  고두심, 배종옥, 한고은, 김흥수(배우), 김명민 外 ",2004-01-01 00:00:00
녹두꽃,  2019년 4월 26일 ~ 2019년 7월 13일 ,  48부작 ,,  SBS ,  씨제스 엔터테인먼트   200억원 ,  정현민 ,"  조정석, 윤시윤, 한예리, 최무성, 박혁권 外 ",2019-04-26 00:00:00
4월의키스,  2004년 4월 21일 ~ 2004년 7월 8일 , 24부작 ,"  멜로, 드라마 ",  한국방송공사 ,  CAA ,  박범수 ,"  수애, 조한선, 이정진, 소이현 外 ",2004-04-21 00:00:00
닥터진,  2012년 5월 26일 ~ 2012년 8월 12일 ,  22부작 ,,  문화방송 ,"  이김프로덕션, 크로스픽쳐스 ","  한지훈, 전현진 ","  송승헌, 이범수, 박민영(배우), 김재중, 이소연(배우) 外 ",2012-05-26 00:00:00
미래의선택,  2013년 10월 14일 ~ 2013년 12월 3일 ,  16부작 ,,  KBS 2TV ,"  FNC 엔터테인먼트, 에넥스 텔레콤 ",  홍진아 ,"  윤은혜, 최명길(배우), 이동건, 정용화 外 ",2013-10-14 00:00:00
"미치겠다,너땜에!",  2018년 5월 7일 ~ 2018년 5월 8일 ,  4부작 ,,  문화방송 ,  문화방송 드라마 제작국 ,  박미령 ,"  이유영, 김선호, 성주, 권도운, 류혜린, 박효주 등 ",2018-05-07 00:00:00
배드파파,  2018년 10월 1일 ~ 2018년 11월 27일 ,  32부작 ,  드라마 ,  문화방송 ,"  호가엔터테인먼트, 씨그널픽쳐스 ",  김성민 ,"  장혁, 손여은, 신은수, 하준(배우), 김재경 外 ",2018-10-01 00:00:00
칼과꽃,  2013년 7월 3일 ~ 2013년 9월 5일 ,  20부작 ,,  KBS 2TV ,"  칼과 꽃 문화산업 전문회사, 러브레터, KBS 미디어 ",  권민수 ,"  엄태웅, 김옥빈, 최민수, 온주완, 이정신 外 ",2013-07-03 00:00:00
"사임당,빛의일기",  2017년 1월 26일 ~ 2017년 5월 4일 ,  28부작 ,"  판타지, 사극, 타임루프 ",  SBS ,"  그룹에이트, 엠퍼러엔터테인먼트코리아 ",  박은령 ," 이영애, 송승헌 외 ",2017-01-26 00:00:00
밤이면밤마다,  2008년 6월 23일 ~ 2008년 8월 19일 ,  17부작 ,,  문화방송 ,  이김프로덕션 ,"  윤은경, 김은희 ","  김선아, 이동건, 이주현(배우), 김정화, 박기웅 外 ",2008-06-23 00:00:00
빅이슈,  2019년 3월 6일 ~ 2019년 5월 2일 ,  32부작 ,  드라마 ,  SBS ,"  HB엔터테인먼트, 더스토리웍스   문보미, 김시환(제작총괄) ",  장혁린 ,"  주진모(1974), 한예슬, 김희원(배우), 신소율 外 ",2019-03-06 00:00:00
초콜릿,  2019년 11월 29일 ~ 2020년 1월 18일 ,  16부작 ,,  JTBC ,"  드라마하우스, JYP픽쳐스   표종록 ",  이경희 ,"  윤계상, 하지원, 장승조 外 ",2019-11-29 00:00:00
날씨가좋으면찾아가겠어요,  ON AIR 2020년 2월 24일 ~ 2020년 4월 14일 (예정) ,  16부작 ,,  JTBC ,  에이스팩토리   민현일 ,  한가람 ,"  박민영(배우), 서강준, 문정희, 이재욱(1998), 임세미, 김환희 外 ",unknown
위대한유산,,  17부작 ,  드라마 ,  KBS 2TV ,  KBS ,"  이숙진, 김태희 ","  김재원(배우), 한지민, 이미숙, 김지훈(배우) 外 ",unknown
막돼먹은영애씨,, 301회(17시즌 종료일인 2019년 4월 26일 기준),, tvN, CJ E&M," 한설희, 백지현, 홍보희, 오은지", 김현숙 外,unknown
질투의화신,  2016년 8월 24일 ~ 2016년 11월 10일 ,  24부작 ,,  SBS ,  SM C&C ,  서숙향 ,"  공효진, 조정석, 고경표, 이미숙, 박지영(1969년), 이성재, 서지혜(배우) 외 ",2016-08-24 00:00:00
네이웃의아내,  2013년 10월 14일 ~ 2013년 12월 24일 ,  22부작 ,,  JTBC ,"  DRM미디어, 드라마하우스 ","  강지연, 유원, 이준영, 민선 ","  염정아, 정준호, 신은경(배우), 김유석 外 ",2013-10-14 00:00:00
퍼퓸,  2019년 6월 3일 ~ 2019년 7월 23일 ,  32부작 ,"  판타지, 로맨틱 코미디 ",  KBS 2TV ,"  호가엔터테인먼트, 하루픽쳐스",,"  신성록, 고원희, 하재숙, 차예련, 김민규(배우) 外 ",2019-06-03 00:00:00
바벨,  2019년 1월 27일 ~ 2019년 3월 24일 ,  16부작 ,   드라마 . 범죄. 미스터리. 멜로 ,   TV CHOSUN ,"  하이그라운드, 원츠메이커 픽쳐스 ","  권순원, 박상욱 ","  박시후, 장희진 外 ",2019-01-27 00:00:00
여인천하,  2001년 2월 5일 ~ 2002년 7월 22일 ,  150부작 ,  대하 사극 ,  SBS ,  서울방송 자체 제작 ,  유동윤 ,"  전인화, 강수연, 이덕화,  도지원, 최종환(배우), 박상민(배우) 外 ",2001-02-05 00:00:00
굿바이미스터블랙,  2016년 3월 16일 ~ 2016년 5월 19일 ,  20부작 ,"  복수, 멜로 ",  문화방송 ,  이김프로덕션 ,  문희정 ,"  이진욱, 문채원, 김강우, 송재림, 유인영 外 ",2016-03-16 00:00:00
파수꾼,  2017년 5월 22일 ~ 2017년 7월 11일 ,  32부작 ,"  범죄, 액션, 스릴러 ",  문화방송 문화방송 ,"  갤러리나인, 나노캠텍 ",  김수은 ,"  이시영(배우), 김영광(배우), 김태훈(배우), 김슬기, Key(샤이니) 外 ",2017-05-22 00:00:00
유혹,  2014년 7월 14일 ~ 2014년 9월 16일 ,  20부작 ,"  멜로, 막장 드라마 ",  SBS ,  이김프로덕션 ,  한지훈 ,"  권상우, 최지우, 박하선, 이정진 外 ",2014-07-14 00:00:00
더뱅커,  2019년 3월 27일 ~ 2019년 5월 16일 ,  32부작 ,,  문화방송 ,  래몽래인 ,"  서은정, 오혜란, 배상욱 ","  김상중, 채시라, 유동근 外 ",2019-03-27 00:00:00
용왕님보우하사,  2019년 1월 14일 ~ 2019년 7월 12일 ,  121부작 ,,  문화방송 ,  MBC C&I ,  최연걸 ,"  이소연(배우), 재희, 조안(배우), 김형민(배우) 등 ",2019-01-14 00:00:00
장희빈,  2002년 11월 6일 ~ 2003년 10월 23일 ,  100부작 ,  한국 사극 ,  KBS 2TV ,"  이스타즈, 초록뱀미디어 ",  김선영→신봉승 ,"  김혜수, 전광렬, 박선영(1976) 外 ",2002-11-06 00:00:00
당신의하우스헬퍼,  2018년 7월 4일 ~ 2018년 8월 29일 ,  32부작 ,"  멜로, 휴먼 ",  KBS 2TV ,  아트앤컬쳐 ,"  황영아, 김지선 ","  하석진, 보나, 이지훈(1988), 고원희, 전수진, 서은아 外 ",2018-07-04 00:00:00
행복을주는사람,  2016년 11월 21일 ~ 2017년 5월 12일 ,  118부작 ,  막장 드라마 ,  문화방송 ,  셀트리온 엔터테인먼트 ,  박지현 ,"  이윤지, 손승원, 이하율, 하연주 ",2016-11-21 00:00:00
구미호여우누이뎐,  2010년 7월 5일 ~ 2010년 8월 24일 ,  16부작 ,,  한국방송공사 ,"  KBSi, 브로드스톰 ","  오선형, 정도윤  ","  한다감, 장현성, 김유정(배우), 서신애 外 ",2010-07-05 00:00:00
미스트리스,  2018년 4월 28일 ~ 2018년 6월 3일 ,  12부작 ,"  로맨스, 미스터리, 스릴러 ",  OCN_LOGO.png ,  초록뱀미디어 ,"  고정운, 김진욱 ","  한가인, 구재이, 최희서, 신현빈 등 ",2018-04-28 00:00:00
올인,  2003년 1월 15일 ~ 2003년 4월 3일 ,  24부작 ,,  SBS ,  초록뱀미디어 ,  최완규 ,"  이병헌, 송혜교, 지성(배우), 박솔미 외 ",2003-01-15 00:00:00
사랑비,  2012년 3월 26일 ~ 2012년 5월 29일 ,  20부작 ,"  드라마, 멜로 ",  KBS ,  윤스칼라 ,  오수연 ,"  이미숙, 정진영(배우), 장근석, 윤아(소녀시대) ",2012-03-26 00:00:00
백년의유산,  2013년 1월 5일 ~ 2013년 6월 23일 ,  50부작 ,  막장 드라마 ,  문화방송 ,  팬 엔터테인먼트 ,  구현숙 ,"   유진(배우), 이정진, 신구(배우), 정혜선(배우) 외 ",2013-01-05 00:00:00
눈이부시게,  2019년 2월 11일 ~ 2019년 3월 19일 ,  12부작 ,"  로맨스, 판타지,현실 ",  JTBC ,  드라마하우스 ,"  이남규, 김수진 ","  김혜자, 한지민, 남주혁, 손호준 外 ",2019-02-11 00:00:00
해치,  2019년 2월 11일 ~ 2019년 4월 30일 ,  48부작 + 스페셜 2부작 ,  한국 사극 ,  SBS ,  (주)김종학프로덕션 ,  김이영 ,"  정일우, 권율(배우), 고아라 外 ",2019-02-11 00:00:00
판타스틱,  2016년 9월 2일  ~ 2016년 10월 22일 ,  16부작 ,  로맨틱 코미디 ,  JTBC ,  에이스토리 ,  이성은 ,"  김현주, 주상욱, 박시연, 김태훈(배우) 外  ",2016-09-02 00:00:00
온에어,,  21부작 ,  드라마 ,  SBS ,  김동경 ,  김은숙 ,"  김하늘, 박용하, 이범수, 송윤아 外 ",unknown
레벨업,  2019년 7월 10일 ~ 2019년 8월 15일,  12부작 ,  드라마 ,  MBN | Dramax ,"  iHQ, 어뉴 ",,"  성훈(배우), 한보름, 차선우, 강별, 데니 안 外 ",2019-07-10 00:00:00
밥상차리는남자,  2017년 9월 2일 ~ 2018년 3월 18일 ,  50부작 ,,  문화방송 문화방송 ,"  김종학 프로덕션, GNG프로덕션 ",  박현주 ,"  수영(소녀시대), 온주완, 김미숙, 김갑수, 김수미, 이재룡, 박진우(1983), 서효림, 이일화, 심형탁, 송강, 김지영(2005) 등 ",2017-09-02 00:00:00
황금의제국,  2013년 7월 1일 ~ 2013년 9월 17일 ,  24부작 ,"  드라마, 피카레스크(장르) ",  SBS ,  SBS ,  박경수(각본가) ,"  고수(배우), 이요원, 손현주, 장신영, 류승수 外 ",2013-07-01 00:00:00
뷰티인사이드,  2018년 10월 1일 ~ 2018년 11월 20일 ,  16부작,"  로맨스, 코미디, 멜로, 판타지 ",  JTBC ,"  스튜디오 앤뉴, 용필름   80억원 ",  임메아리 ,"  서현진(배우), 이민기, 이다희(배우), 안재현, 이태리(배우), 문지인 外 ",2018-10-01 00:00:00
함부로애틋하게,  2016년 7월 6일 ~ 2016년 9월 8일  ,  20부작 ,  멜로 ,  KBS 2TV ,  삼화네트웍스/iHQ ,  이경희 ,"  김우빈, 수지(1994), 임주환, 임주은 외  ",2016-07-06 00:00:00
위대한유혹자,  2018년 3월 12일 ~ 2018년 5월 1일  ,  32부작 ,"  로맨스, 막장 드라마 ",  문화방송 ,  본팩토리 ,  김보연 ,"  우도환, 조이(레드벨벳), 문가영, 김민재(배우) 등 ",2018-03-12 00:00:00
사랑의온도,  2017년 9월 18일 ~ 2017년 11월 21일 ,  40부작 ,,  SBS ,  팬 엔터테인먼트 ,  하명희 ,"  서현진(배우), 양세종(배우), 김재욱(배우), 조보아 外 ",2017-09-18 00:00:00
그들이사는세상,  2008년 10월 27일 ~ 2008년 12월 16일 ,  16부작 ,  드라마 ,  한국방송공사 ,  YEG ,  노희경 ,"  송혜교, 현빈 外 ",2008-10-27 00:00:00
시간,  2018년 7월 25일 ~ 2018년 9월 20일 ,  32부작 ,"  범죄, 멜로 ",  문화방송 ,"  실크우드, 윌엔터테인먼트  ",  최호철 ,"  김정현(1990), 서현(소녀시대), 김준한, 황승언(배우) 外 ",2018-07-25 00:00:00
내일도승리,  2015년 11월 2일 ~ 2016년 4월 29일 ,  130부작 ,  막장 드라마 ,  문화방송 ,  MBC C&I ,  홍승희 ,"  전소민, 송원근, 최필립, 유호린 外 ",2015-11-02 00:00:00
화정,  2015년 4월 13일 ~ 2015년 9월 29일 ,  50부작 ,"  드라마, 사극 ",  문화방송 ,,  김이영 ,"  차승원, 이연희(배우), 김재원(배우), 서강준, 한주완, 조성하 外 ",2015-04-13 00:00:00
야경꾼일지,  2014년 8월 4일 ~ 2014년 10월 21일 ,  24부작 ,"  판타지, 퓨전사극, 막장 드라마 ",  문화방송 ,  래몽래인 ,"  윤동윤, 방지영, 김선희 ","  정일우, 정윤호, 고성희, 서예지 外 ",2014-08-04 00:00:00
공항가는길,  2016년 9월 21일 ~ 11월 10일 ,  16부작 ,  멜로 ,  KBS 2TV ,  스튜디오드래곤 ,  이숙연 ,"  김하늘, 이상윤(배우), 신성록, 최여진, 장희진 외  ",2016-09-21 00:00:00
수상한가정부,   2013년 9월 23일 ~ 2013년 11월 26일 ,  20부작 ,,  SBS ,  (주)에브리쇼 ,  백운철 ,"  최지우, 이성재(배우), 왕지혜, 김소현(1999) 外 ",2013-09-23 00:00:00
아빠셋엄마하나,   2008년 4월 2일 ~ 2008년 5월 22일 ,  16부작 ,  로맨틱 코미디 ,  KBS 2TV ,  김종학프로덕션 ,  조명주 ,"  유진(배우), 조현재, 재희, 신성록 등 ",2008-04-02 00:00:00
엽기적인그녀,  2017년 5월 29일 ~ 2017년 7월 18일 ,  32부작 ,,  SBS ,"  래몽래인, 화이브라더스 ",  윤효제 ,"  주원, 오연서, 이정신, 김윤혜(배우) 外 ",2017-05-29 00:00:00
또오해영, 2016년 5월 2일 ~ 2016년 6월 28일, 18부작,, tvN, 스튜디오드래곤 / 초록뱀미디어, 박해영," 에릭(신화), 서현진(배우), 전혜빈, 예지원, 김지석(배우), 이재윤 外",2016-05-02 00:00:00
하얀거탑,,,,  문화방송 ,  김종학프로덕션 ,  이기원 ,"  김명민, 이선균, 이정길, 김창완 外 ",unknown
내뒤에테리우스,  2018년 9월 27일 ~ 2018년 11월 15일 ,  32부작 ,"  첩보, 로맨틱 코미디 ",  문화방송 ,"  문화방송, 몽작소    남궁성우, 유병술 ",  오지영 ,"  소지섭, 정인선, 손호준, 임세미 外 ",2018-09-27 00:00:00
나도엄마야,  2018년 5월 28일 ~ 2018년 11월 23일 ,  124부작 ,,  SBS ,  더스토리웍스 ,  이근영 ,"  이인혜, 우희진, 알렉스(클래지콰이), 박준혁(배우), 문보령, 박근형, 윤미라, 정경순 등 ",2018-05-28 00:00:00
후아유,  2013년 7월 29일 ~ 2013년 9월 17일 ,  16부작 ,, tvN ,  에이스토리 ,"  문지영, 반기리 ","  옥택연, 소이현, 김재욱(배우) 外 ",2013-07-29 00:00:00
웨딩,  2005년 8월 23일 ~2005년 10월 25일 ,  18부작 ,"  멜로, 드라마 ",  KBS 2TV ,  삼화프로덕션 ,  오수연 ,"  장나라, 류시원, 명세빈, 이현우(가수) 外 ",2005-08-23 00:00:00
신들의만찬,  2012년 2월 4일 ~ 2012년 5월 20일 ,  32부작 ,,  문화방송 ,,  조은정 ,"  성유리, 주상욱, 이상우(배우), 서현진(배우) 外 ",2012-02-04 00:00:00
푸른바다의전설,  2016년 11월 16일 ~ 2017년 1월 25일 ,  20부작 ,"  판타지, 로맨스 ",  SBS ,"  문화창고, 스튜디오드래곤   220억원 ",  박지은(각본가) ,"  전지현, 이민호(1987), 이지훈(1988), 황신혜, 문소리 등 ",2016-11-16 00:00:00
닥터프리즈너,  2019년 3월 20일 ~ 2019년 5월 15일 ,,"  의학, 범죄, 서스펜스 ",  KBS 2TV ,  주식회사 지담 ,  박계옥 ,"  남궁민, 김병철(배우), 나라(헬로비너스), 최원영 外 ",2019-03-20 00:00:00
경성스캔들,  2007년 6월 6일 ~ 2007년 8월 1일 ,  16부작 ,"  로맨스, 드라마, 시대극 ",  KBS 2TV ,  JS픽쳐스 ,  진수완 ,"  강지환, 한지민, 류진(배우), 한고은 외 ",2007-06-06 00:00:00
못된사랑,   2007년 12월 3일 ~ 2008년 2월 12일 ,  20부작 ,,  KBS 2TV ,"  DRM 미디어, 골든썸 ",  이유진 ,"  권상우, 이요원, 김성수(배우), 차예련 外 ",2007-12-03 00:00:00
미스코리아,  2013년 12월 18일 ~ 2014년 2월 26일 ,  16부작 ,,  문화방송 ,  SM C&C ,  서숙향 ,"  이연희(배우), 이선균, 이미숙, 이성민(배우), 송선미 外 ",2013-12-18 00:00:00
아임쏘리강남구,  2016년 12월 19일 ~ 2017년 6월 9일 ,  120부작,,  SBS ,  셀트리온 엔터테인먼트   박재삼 ,  안홍란 ,"  박선호(배우), 김민서, 이인(배우), 이나경(배우), 김주리 등 ",2016-12-19 00:00:00
공주의남자,  2011년 7월 20일 ~ 2011년 10월 6일 ,  24부작 ,,  KBS 2TV ,"  공주의 남자 문화산업 전문회사, 어치브그룹디엔, KBS 미디어 ","  조정주, 김욱 ","  박시후, 문채원, 홍수현, 이민우(배우), 송종호, 김영철(배우), 이순재, 김서라, 김뢰하, 추소영, 가득희, 홍일권, 엄효섭(배우), 윤승원(배우), 이효정, 이희도, 정동환 등 ",2011-07-20 00:00:00
위기일발풍년빌라,  2010년 3월 5일 ~ 2010년 5월 7일 ,  20부작 ,"  드라마, 스릴러, 코미디 ",  tvN ,  제이에스픽쳐스 ,  장항준 • 김은희 ,"  신하균, 백윤식, 이보영 등 ",2010-03-05 00:00:00
해를품은달,  2012년 1월 4일 ~ 2012년 3월 15일 ,  20부작+스페셜 4부작 ,,  MBC ,  팬엔터테인먼트 ,  진수완 ,"  한가인, 김수현(배우), 정일우, 김민서, 김영애 등 ",2012-01-04 00:00:00
흉부외과-심장을훔친의사들,  2018년 9월 27일 ~ 2018년 11월 15일 ,  32부작 ,"  의학드라마, 스릴러, 휴먼 ",  SBS ,  더스토리웍스 ,"  최수진, 최창환 ","  고수(배우), 엄기준, 서지혜(배우) 外 ",2018-09-27 00:00:00
열여덟의순간,  2019년 7월 22일 ~ 2019년 9월 10일 ,  16부작 ,  청소년드라마 ,  JTBC ,"  드라마하우스, 키이스트 ",  윤경아 ,"  옹성우, 김향기, 신승호, 강기영 外 ",2019-07-22 00:00:00
"괜찮아,아빠딸",   2010년 11월 22일 ~ 2011년 1월 18일 ,  17부작 ,,  SBS ,"  이야기 365, CH 엔터테인먼트 ",  한준영 ,"  문채원, 박인환(배우), 최진혁, 전태수 外 ",2010-11-22 00:00:00
구여친클럽, 2015년 5월 8일 ~ 2015년 6월 13일, 12부작,, tvN,, 이진매," 송지효, 변요한, 이윤지, 장지은, 류화영 外",2015-05-08 00:00:00
빅,  2012년 6월 4일 ~ 2012년 7월 24일 ,  16부작 ,"  로맨틱 코미디, 막장 드라마 ",  KBS 2TV ,  본팩토리 ,  홍자매 ,"  공유(배우), 이민정, 수지(1994), 장희진 外 ",2012-06-04 00:00:00
광고천재이태백,  2013년 2월 4일 ~ 2013년 3월 26일 ,  16부작 ,  드라마 ,  KBS 2TV ,  래몽래인 ,"  설준석, 이재하, 이윤종 ","  진구, 한채영, 조현재, 박하선 外 ",2013-02-04 00:00:00
자체발광오피스,  2017년 3월 15일 ~ 2017년 5월 4일 ,  16부작 ,"  오피스, 로맨틱 코미디 ",  문화방송 ,  MBC 자체제작 ,  정회현 ,"  고아성, 하석진, 김동욱(배우), 이동휘(배우), 이호원 外 ",2017-03-15 00:00:00
내마음이들리니,  2011년 4월 2일 ~ 2011년 7월 10일 ,  30부작 ,,  문화방송 ,  로고스필름 ,  문희정 ,"  김재원(배우), 황정음, 남궁민, 이규한, 고준희 外 ",2011-04-02 00:00:00
호텔킹,  2014년 4월 5일 ~ 2014년 7월 27일 ,  32부작 ,,  문화방송 ,,  조은정 ,"  이동욱, 이다해, 왕지혜, 임슬옹 外 ",2014-04-05 00:00:00
내사랑치유기,  2018년 10월 14일 ~ 2019년 3월 3일 ,  80부작 ,,  문화방송 ,"  초록뱀미디어, 김종학프로덕션 ",  원영옥 ,"  소유진, 연정훈, 윤종훈 外 ",2018-10-14 00:00:00
오마이금비,  2016년 11월 16일 ~ 2017년 1월 11일 ,  16부작 ,  드라마 ,  KBS 2TV ,,,"  허정은, 오지호(배우), 박진희(1978), 오윤아 등 ",2016-11-16 00:00:00
너의노래를들려줘,  2019년 8월 5일 ~ 2019년 9월 24일 ,  32부작 ,"  미스터리, 로맨틱 코미디 ",  KBS 2TV ,  JP E&M ,  김민주 ,"  연우진, 세정(구구단), 송재림, 지연(1993) 外 ",2019-08-05 00:00:00
인수대비, 2011년 12월 3일 ~ 2012년 6월 24일 , 60부작 , 한국 사극 , JTBC , 드라마하우스 , 정하연 ," 채시라, 함은정, 백성현, 김영호, 김미숙, 전혜빈, 진지희, 진태현, 손병호, 노영학 外 ",2011-12-03 00:00:00
사이코메트리그녀석,  2019년 3월 11일 ~ 2019년 4월 30일 ,  16부작 + 스페셜 1부작 ,  초능력 로맨스릴러 ,  tvN ,  JS픽쳐스 ,  양진아 ,"  진영(GOT7), 신예은, 김권, 김다솜 ",2019-03-11 00:00:00
"킬미,힐미",  2015년 1월 7일 ~ 2015년 3월 12일 ,  20부작 ,,  문화방송 ,  팬 엔터테인먼트 ,  진수완 ,"  지성(배우), 황정음, 박서준, 오민석, 김유리(1984) 외 ",2015-01-07 00:00:00
미스터굿바이,  2006년 5월 22일 ~ 2006년 7월 18일 ,  16부작 ,"  멜로, 드라마 ",  KBS 2TV ,  올리브나인 ,  서숙향 ,"  안재욱, 이보영, 오윤아, 조동혁 外 ",2006-05-22 00:00:00
귓속말,  2017년 3월 27일 ~ 2017년 5월 23일 ,  17부작 ,,  SBS ,  팬엔터테인먼트 ,  박경수(각본가) ,"  이보영, 이상윤(배우), 권율(배우), 박세영 외 ",2017-03-27 00:00:00
연애조작단;시라노,  2013년 5월 27일 ~ 2013년 7월 16일 ,  16부작 ,, tvN ,  오보이프로젝트 ,  신재원 ,"  이종혁(배우), 수영(소녀시대), 이천희 外 ",2013-05-27 00:00:00
계백,  2011년 7월 25일 ~ 2011년 11월 22일 ,  36부작 ,  사극 ,  문화방송 ,"  계백문전사, 크리에이티브 프로덕션, 커튼콜미디어 ","  정형수, 주몽(드라마), 드림(드라마) 등을 집필했다.] ","  이서진, 조재현, 오연수, 송지효 外 ",2011-07-25 00:00:00
장길산,  2004년 5월 17일 ~ 2004년 11월 16일 ,  50부작 ,,  SBS ,  SBS 프로덕션 ,  이희우 ,"  유오성, 한고은, 양미라, 최재성(배우), 김영호 등 ",2004-05-17 00:00:00
유령을잡아라,  2019년 10월 21일 ~ 2019년 12월 10일 , 16부작 ,,  tvN ,  로고스 필름 (주) ,"  소원, 이영주 ","  문근영, 김선호 外 ",2019-10-21 00:00:00
나쁜사랑,  ON AIR 2019년 12월 2일 ~  2020년 5월 25일 (예정),  120부작 (예정)  ,,  문화방송 ,  문화방송   백호민 ,  홍승희 ,"  신고은(가수), 이선호(배우), 오승아,  윤종화(배우), 전승빈 外 ",unknown
파트너,   2009년 6월 24일 ~ 2009년 8월 13일 ,  총 16부작 ,,  KBS 2TV ,  KBS 미디어 ,"  조정주, 유미경 ","  김현주, 이동욱, 최철호, 이하늬 外 ",2009-06-24 00:00:00
해신,  2004년 11월 24일 ~ 2005년 5월 26일 ,  51부작 ,"  드라마, 퓨전 사극 ",  한국방송공사 ,  김종학 프로덕션 ,"  정진옥, 황주하 ","  최수종, 수애, 송일국, 채시라 外 ",2004-11-24 00:00:00
펀치,  2014년 12월 15일 ~ 2015년 2월 17일 ,  19부작 ,,  SBS ,  HB엔터테인먼트 ,  박경수(각본가) ,,2014-12-15 00:00:00
홍소장의가을,,  3부작 ,  홈드라마 ,  SBS ,  삼화프로덕션 ,  김수현(작가)  ,"  최불암, 김혜자, 임채무, 박정수(배우), 양희경 外 ",unknown
무적의낙하산요원,   2006년 9월 6일 ~ 2006년 11월 2일 ,  16부작 ,,  SBS ,"  LK제작단, 에임하이글러벌 ","  이선미, 김기호, 박상희 ","  에릭(신화), 한지민, 신성우, 윤지민 外 ",2006-09-06 00:00:00
트리플,  2009년 6월 11일 ~ 2009년 7월 30일 ,  16부작 ,  드라마 ,  문화방송 ,  문화방송 자체제작 ,"  이정아, 오수진 ",,2009-06-11 00:00:00
생일편지, 2019년 9월 11일 ~ 2019년 9월 12일  ,  2부작 ,  멜로 ,  KBS ,"  에이스팩토리   민현일, 이성진 ",  배수영 ,"  전소민, 전무송, 김경남, 정영숙, 송건희, 조수민 外 ",2019-09-11 00:00:00
신의퀴즈,,,  드라마 ,  OCN ,"  큐로홀딩스[*전체], 스튜디오드래곤[*리부트] ",,,unknown
달콤살벌패밀리,  2015년 11월 18일 ~ 2016년 1월 14일 ,  16부작 ,  가족 코미디 조폭미화물 ,  문화방송 ,  태원 엔터테인먼트 ,"  손근주, 김지은 ","  정준호, 문정희, 정웅인, 유선(배우) 外 ",2015-11-18 00:00:00
닥터이방인,  2014년 5월 5일 ~ 2014년 7월 8일 ,  20부작 ,"  의학, 멜로 ",  SBS ,  아우라미디어 ,  박진우 ,"  이종석(배우), 진세연, 강소라, 박해진 外 ",2014-05-05 00:00:00
신드롬,  2012년 2월 13일 ~ 2012년 4월 17일 ,  20부작 ,  의학 드라마 ,  JTBC ,  아이윌미디어 ,  김솔지 ,"  한혜진(배우), 송창의, 박건형, 조재현 外 ",2012-02-13 00:00:00
아들녀석들,  2012년 9월 22일 ~ 2013년 3월 24일 ,  50부작 ,"  가족, 막장 드라마 ",  문화방송 ,  투비엔터프라이즈  ,  김지수(1~20회) → 오상희(21~50회) ,"  이성재, 류수영, 서인국, 명세빈 外 ",2012-09-22 00:00:00
화유기,  2017년 12월 23일 ~ 2018년 3월 4일 ,  20회 ,  드라마 ,  tvN ,  제이에스픽쳐스 ,  홍자매 ,"  이승기, 차승원, 오연서, 이홍기, 장광 外 ",2017-12-23 00:00:00
별난며느리,  2015년 8월 17일 ~ 9월 22일 ,  12부작 ,  가족 코미디 ,  KBS 2TV ,  래몽래인 ,  문선희 ,"  다솜(배우), 류수영, 고두심 外 ",2015-08-17 00:00:00
봄밤,  2019년 5월 22일 ~ 2019년 7월 11일 ,  32부작 ,,,  JS픽쳐스 ,  김은 ,"  한지민, 정해인 外 ",2019-05-22 00:00:00
황금정원,  2019년 7월 20일 ~ 2019년 10월 26일  ,  60부작 ,,  문화방송 ,"  김종학프로덕션.png   손기원, 김남표 ",  박현주 ,"  한지혜, 이상우(배우), 오지은, 이태성 外 ",2019-07-20 00:00:00
종합병원2,  2008년 11월 19일 ~ 2009년 1월 15일 ,  17부작 ,,  문화방송 ,"  에이스토리, MOPLUS ","  최완규(크리에이터), 권음미, 노창 ","  차태현, 김정은(배우), 이재룡, 이종원, 류진(배우) 外 ",2008-11-19 00:00:00
떼루아,  2008년 12월 1일 ~ 2009년 2월 17일 ,  20부작 ,,  SBS ,  예당엔터테인먼트 ,  황성구 ,"  김주혁(배우), 한혜진(배우), 유선(배우), 기태영, 송승환 外 ",2008-12-01 00:00:00
칠전팔기구해라,  2015년 1월 9일 ~ 2015년 3월 27일 ,,,,,"  신명진, 정수현 ",,2015-01-09 00:00:00
청춘시대2,   2017년 8월 25일 ~ 10월 7일 ,  14부작 ,"  드라마, 청춘, 로맨스, 미스터리  ",  JTBC ,"  드라마하우스, 테이크투 ",  박연선 ,"  한예리, 한승연, 박은빈, 지우(배우), 최아라, 신현수(배우), 손승원, 김민석(배우), 이유진(1992), 안우연 ",2017-08-25 00:00:00
밥잘사주는예쁜누나,  2018년 3월 30일 ~ 2018년 5월 19일 ,  16부작 ,  멜로 드라마 ,  JTBC ,"  드라마하우스, 콘텐츠케이 ",  김은 ,"  손예진, 정해인 外 ",2018-03-30 00:00:00
리갈하이,  2019년 2월 8일 ~ 2019년 3월 30일 , 16부 ,,  JTBC ,  GNG프로덕션 ,  박성진 ,"  진구, 서은수(배우), 윤박, 채정안, 정상훈, 이순재, 김병옥 外 ",2019-02-08 00:00:00
구미호외전,  2004년 7월 19일 ~ 2004년 9월 7일 , 16부작 ,,  한국방송공사 ,  팬 엔터테인먼트 ,"  황성연, 이경미 ","  김태희, 조현재, 한예슬, 전진(신화), 박준석(배우) 外 ",2004-07-19 00:00:00
치즈인더트랩,  2016년 1월 4일 ~ 3월 1일 ,  16부작 ,,  tvN ,  에이트웍스 ,"  김남희, 고선희, 전영신 ","  박해진, 김고은, 서강준, 이성경, 남주혁, 박민지, 손병호 ",2016-01-04 00:00:00
왕이된남자,  2019년 1월 7일 ~ 2019년 3월 4일 ,  16부작 + 스페셜 2부작 ,,  tvN ,"  스튜디오 드래곤, 지티스트 ","  김선덕, 신하은 ","  여진구, 이세영(배우), 김상경 外 ",2019-01-07 00:00:00
호텔델루나,  2019년 7월 13일 ~ 2019년 9월 1일 ,  16부작 ,"  판타지, 호러&로맨스 ",,  http://gtist.com/   이동규 ,  홍자매 ,"  아이유, 여진구, 신정근, 배해선, 피오, 미나(구구단), 조현철 外 ",2019-07-13 00:00:00
혼술남녀, 2016년 9월 5일 ~ 2016년 10월 25일, 16부작,, tvN, CJ E&M," 명수현, 백선우, 최보림"," 하석진, 박하선, 공명(배우) 外",2016-09-05 00:00:00
마이리틀베이비,  2016년 3월 5일 ~ 2016년 4월 23일  ,  16부작 ,  코믹 ,  문화방송 ,   ㈜에스피스  ,"  김윤희, 이은영 ","  오지호(배우), 이수경, 김민재(배우), 남지현 外   ",2016-03-05 00:00:00
야인시대, 2002년 7월 29일 ~ 2003년 9월 30일 , 124회 , 시대극 , SBS , SBS프로덕션  이현석 , 이환경 ," 김영철(배우), 안재모, 이창훈(1966), 정동환, 박영록(배우), 김영인, 김영호, 김학철(배우), 조상구 등 ",2002-07-29 00:00:00
"장옥정,사랑에살다",  2013년 4월 8일 ~ 2013년 6월 25일 ,  24부작 ,,  SBS ,  스토리티비 ,  최정미 ,"  김태희, 유아인, 홍수현, 재희, 이상엽 外 ",2013-04-08 00:00:00
당신이잠든사이에,  2017년 9월 27일 ~ 2017년 11월 16일 ,  32부작 ,,  SBS ,  iHQ ,  박혜련 ,"  이종석(배우), 수지(1994), 이상엽, 고성희, 정해인, 박진주 外 ",2017-09-27 00:00:00
웰컴2라이프,  2019년 8월 5일 ~ 2019년 9월 24일 ,  32부작 ,,  문화방송 ,  김종학프로덕션 ,  유희경 ,"  비(연예인), 임지연, 곽시양, 손병호 外 ",2019-08-05 00:00:00
미스리플리,  2011년 5월 30일 ~ 2011년 7월 19일 ,  16부작 ,,  문화방송 ,"  커튼콜 미디어, 씨제스 엔터테인먼트 ",  김선영 ,"  이다해, 박유천, 김승우, 강혜정 外 ",2011-05-30 00:00:00
검법남녀시즌2, 2019년 6월 3일 ~ 2019년 7월 29일 ,  32부작 ,,   문화방송 ,  HB 엔터테인먼트 ,"  민지은[*A ], 조원기 ","  정재영, 정유미(1984), 오만석, 노민우 外 ",2019-06-03 00:00:00
부활,  2005년 6월 1일 ~ 2005년 8월 18일 ,  24부작 ,"  스릴러, 복수극, 로맨스, 형사 ",  [KBS 2TV ,,  김지우(각본가) ,"  엄태웅, 한지민, 소이현, 김갑수 外 ",2005-06-01 00:00:00
밀회,  2014년 3월 17일 ~ 2014년 5월 13일 ,  16부작 ,"  드라마, 로맨스, 음악 ",  JTBC ,"   드라마하우스, 퓨처원 ",  정성주 ,"  김희애, 유아인, 박혁권, 심혜진 등 ",2014-03-17 00:00:00
블랙독,   2019년 12월 16일 ~ 2020년 2월 4일 , 16부작 ,, tvN ,   얼반웍스 ,  박주연,"  서현진(배우), 라미란, 하준(배우), 이창훈(1980) 外 ",2019-12-16 00:00:00
두번째프러포즈,  2004년 9월 8일 ~ 2004년 11월 18일 ,  22부작 ,  로맨틱 코미디 ,  KBS 2TV ,  팬 엔터테인먼트 ,  박은령 ,"  오연수, 김영호, 허영란, 오지호(배우) 外 ",2004-09-08 00:00:00
라이프,  2018년 7월 23일 ~ 2018년 9월 11일 ,  16부작 + 스페셜 1부작 ,  의학 드라마 ,  JTBC ,"  씨그널엔터테인먼트그룹, AM 스튜디오   106억원 ",  이수연(작가) ,"  이동욱, 조승우, 원진아, 이규형(배우), 유재명, 문소리 外 ",2018-07-23 00:00:00
플레이어,  2018년 9월 29일 ~ 11월 11일 ,  14부작 ,"  범죄, 액션, 스릴러 ",  OCN_LOGO.png ,"  스튜디오드래곤, 아이윌미디어 ",  신재형 ,"  송승헌, 크리스탈, 이시언, 태원석 등 ",2018-09-29 00:00:00
아스달연대기,,  18부작 ,"  판타지, 드라마 ",,"  스튜디오 드래곤, KPJ   540억원 ","  김영현, 박상연(각본가) ","  장동건, 송중기, 김지원(배우), 김옥빈 외 ",unknown
별에서온그대,  2013년 12월 18일 ~ 2014년 2월 27일 ,  21부작(본편) + 1부작(스페셜) ,,  SBS ,  132억원   HB엔터테인먼트 ,  박지은(각본가) ,"  전지현, 김수현(배우), 박해진, 유인나, 신성록, 안재현 등 ",2013-12-18 00:00:00
키스먼저할까요?,  2018년 2월 20일 ~ 2018년 4월 24일 ,  40부작 ,  멜로 ,  SBS ,  SM C&C ,  배유미(각본가) ,"  감우성, 김선아 外 ",2018-02-20 00:00:00
천사의유혹, 2009년 10월 12일 ~ 2009년 12월 22일 , 21부작 ,, SBS , 삼화네트웍스   신현택  ,  김순옥 ,"  이소연(배우), 배수빈, 진태현, 한상진, 홍수현 外 ",2009-10-12 00:00:00
리멤버-아들의전쟁,  2015년 12월 9일 ~ 2016년 2월 18일 ,  20부작 ,"  법정, 범죄   박성웅 ",  SBS ,  로고스필름 ,  윤현호 ,"  유승호, 박민영(배우), 박성웅, 남궁민 外 ",2015-12-09 00:00:00
대장금이보고있다,  2018년 10월 11일 ~ 2019년 1월 24일 ,  16부작 ,  시트콤 ,   문화방송 ,  문화방송 자체제작 ,"  박은정, 최우주 ","  신동욱(배우), 권유리, 이민혁(BTOB), 이열음, 김현준(배우) 外 ",2018-10-11 00:00:00
모두다쿵따리,  2019년 7월 16일 ~  2019년 11월 29일,  99부작  ,,  문화방송 ,  문화방송 C&I   이민수 → 김정호 ,  김지현 ,"  박시은(1980), 김호진, 이보희(배우), 강석정, 서혜진 등 ",2019-07-16 00:00:00
슈츠,   2018년 4월 25일 ~ 2018년 6월 14일 ,  16부작 ,,  KBS 2TV ,"  몬스터유니온, 엔터미디어픽쳐스   박성혜, 이동훈 ",  김정민 ,"  장동건, 박형식, 진희경, 채정안, 고성희, 최귀화 등 ",2018-04-25 00:00:00
브레인,  2011년 11월 14일 ~ 2012년 1월 17일 ,  20부작 ,  의학 드라마 ,  KBS 2TV ,  CJ E&M ,  윤경아 ,"  신하균, 정진영(배우), 최정원(1981년 4월), 조동혁 ",2011-11-14 00:00:00
아름다운그대에게,  2012년 8월 15일 ~ 2012년 10월 4일 ,  16부작 ,"  학원물, 로맨스, 청춘 ",  SBS ,  SM C&C ,  이영철 ,"  설리(배우), 민호, 이현우(배우), 김지원(배우) 外 ",2012-08-15 00:00:00
언제나봄날,  2016년 10월 31일 ~ 2017년 4월 21일 ,  122부작 ,,  문화방송 ,  문화방송 C&I ,"  김미경, 서신혜 ","  선우재덕, 강별, 권현상, 김소혜(1992), 박정욱 등 ",2016-10-31 00:00:00
모두의연애,  2017년 12월 8일 ~ 2018년 1월 26일 ,  8부작 ,,  tvN ,  tvN ,  김지윤 ,"  신동엽(코미디언), 이시아(배우), 박유나, 최원명, 강민아, 이나은 外 ",2017-12-08 00:00:00
힘쎈여자도봉순,   2017년 2월 24일 ~ 2017년 4월 15일  ,  16부작 ,"  판타지, 로맨스, 코미디, 범죄, 드라마 ",  JTBC ,"  JS픽쳐스, 드라마하우스 ",  백미경 ,"  박보영, 박형식, 지수(배우), 안우연 外 ",2017-02-24 00:00:00
매드독,  2017년 10월 11일 ~ 2017년 11월 30일 ,  16부작 ,"  범죄, 스릴러 ",  KBS 2TV ,"  셀트리온엔터테인먼트, 이매진아시아 ",,"  유지태, 우도환, 류화영, 조재윤, 김혜성(배우), 홍수현 外 ",2017-10-11 00:00:00
난폭한로맨스,  2012년 1월 4일 ~ 2012년 2월 23일 ,  총 16부작 ,,  KBS 2TV ,  GnG 프로덕션 ,  박연선 ,"  이동욱, 이시영(배우), 오만석, 황선희 外 ",2012-01-04 00:00:00
개인주의자지영씨,  2017년 5월 8일 ~ 2017년 5월 9일 ,  2부작 ,"   드라마, 로맨스 ",  KBS 2TV ,  CROSS MEDIA ,  권혜지 ,"  민효린, 공명(배우) 外 ",2017-05-08 00:00:00
맨도롱또똣,  2015년 5월 13일 ~ 2015년 7월 2일 ,  16부작 ,,  문화방송 ,  본 팩토리  ,  홍자매 ,"  유연석, 강소라 外 ",2015-05-13 00:00:00
연인,   2006년 11월 8일 ~ 2007년 1월 17일 ,  20부작 ,,  SBS ,  케이드림 ,  김은숙 ,"  이서진, 김정은(배우), 정찬, 김규리(1979년 6월) 外 ",2006-11-08 00:00:00
펜트하우스,  2020년 8월 예정 ,   ,,  SBS ,      , 김순옥 ,"  김소연(배우), 신성록, 유진(배우), 이지아, 하석진, 오만석, 봉태규, 신은경(배우) 外 ",unknown
투명인간최장수,  2006년 7월 5일 ~ 2006년 9월 7일 ,  20부작 ,  드라마 ,  한국방송공사 ,  한국방송공사 ,  박계옥 ,"  유오성, 채시라, 조연우(배우), 최여진 外 ",2006-07-05 00:00:00
빙의,  2019년 3월 6일 ~ 2019년 4월 25일 ,,  드라마 ,  OCN ,  데이드림엔터테인먼트 ,,,2019-03-06 00:00:00
보통의연애,  2012년 2월 29일 ~ 2012년 3월 8일 ,  4부작 ,"  미스터리, 멜로 ",  KBS 2TV ,  청년필름 ,  이현주 ,"  연우진, 유다인 外 ",2012-02-29 00:00:00
한번더해피엔딩,  2016년 1월 20일 ~ 2016년 3월 10일 ,  16부작 ,  로맨틱 코미디 ,  문화방송 ,  문화방송 ,  허성희 ,"  장나라, 정경호(1983), 유다인, 권율(배우), 유인나 外 ",2016-01-20 00:00:00
내인생의스페셜,  2006년 2월 6일 ~ 2006년 2월 28일 ,  8부작 ,,  문화방송 ,"  김종학프로덕션, J&H 필름, 미디어패밀리 ","  박경수(각본가), 이천형, 노은정 ","  김승우, 명세빈, 신성우, 성지루 外 ",2006-02-06 00:00:00
반짝반짝빛나는,  2011년 2월 12일 ~ 2011년 8월 14일 ,  54부작 ,,  문화방송 ,"  에넥스텔레콤, 호가 엔터테인먼트 ",  배유미(각본가) ,"  김현주, 이유리(배우), 김석훈, 강동호(배우) 外 ",2011-02-12 00:00:00
나쁜남자,  2010년 5월 26일 ~ 2010년 8월 5일 ,  17부작 ,"  복수, 드라마 ",  SBS ,  굿스토리 ,"  이도영, 김재은, 김성희 ","  김남길, 한가인, 오연수, 김재욱(배우), 정소민 외 ",2010-05-26 00:00:00
빅포레스트,  2018년 9월 7일 ~ 2018년 11월 9일 ,  10부작 ,,  tvN ,  tvN ,"  곽경윤, 김현희, 안용진 ","  신동엽(코미디언), 정상훈, 최희서 外 ",2018-09-07 00:00:00
상두야학교가자,  2003년 9월 15일 ~ 2003년 11월 4일 ,  16부작 ,"  멜로, 드라마 ",  KBS 2TV ,,  이경희 ,"  비(가수), 공효진, 이동건, 홍수현, 전혜빈 外 ",2003-09-15 00:00:00
으라차차와이키키2,  2019년 3월 25일 ~ 2019년 5월 14일 ,  16부작 ,,  JTBC ,"  씨제스 프로덕션, 드라마하우스 ","  김기호, 송지은, 송미소, 서동범 ","  김선호, 이이경, 신현수(배우), 문가영, 안소희, 김예원(배우) 등 ",2019-03-25 00:00:00
황후의품격, 2018년 11월 21일 ~ 2019년 2월 21일 , 52부작 + 스페셜 2부작 ,, SBS , SM Life Design , 김순옥 ," 장나라, 최진혁, 신성록, 이엘리야, 신은경(배우) 外 ",2018-11-21 00:00:00
마성의기쁨,  2018년 9월 5일 ~ 2018년 10월 25일 ,  16부작 ,,  Dramax ｜ MBN ,  골든썸 ,  최지연(작가) ,"  최진혁, 송하윤, 이주연(배우), 이호원 ",2018-09-05 00:00:00
쌉니다천리마마트,  2019년 9월 20일 ~ 2019년 12월 6일 (종영) ,  12부작 ,  코미디 ,  tvN ,"  스튜디오N , tvN ",  김솔지 ,"  김병철(배우), 이동휘(배우), 박호산, 이순재, 정혜성 外 ",2019-09-20 00:00:00
모두다김치,  2014년 4월 7일 ~ 2014년 10월 31일 ,  132부작 ,  막장 드라마 ,  문화방송 ,  MBC C&I ,  원영옥 ,"  김지영(1974), 김호진, 원기준, 차현정 外 ",2014-04-07 00:00:00
당신은너무합니다,  2017년 3월 4일 ~ 2017년 8월 27일 ,  50부작 ,  막장 드라마  ,  문화방송 ,  빅토리콘텐츠 ,  하청옥 ,"  엄정화, 장희진, 강태오, 정겨운 外 ",2017-03-04 00:00:00
궁,,  24부작 ,"  판타지, 로맨틱 코미디 ",  MBC ,  에이트 픽스 ,,"  주지훈, 윤은혜, 김정훈(UN), 송지효 外 ",unknown
국가가부른다,  2010년 5월 10일 ~ 2010년 6월 29일 ,  16부작 ,,  한국방송공사 ,  JH프로덕션 ,"  최이랑, 이진매 ","  김상경, 이수경, 류진(배우), 호란(가수) 外 ",2010-05-10 00:00:00
파라다이스목장,   2011년 1월 24일 ~ 2011년 3월 15일 ,  16부작 ,,  SBS ,"  삼화네트웍스, SM 엔터테인먼트 ","  장현주, 서희정 ","  이연희(배우), 최강창민, 주상욱, 유하나 外 ",2011-01-24 00:00:00
신과의약속,  2018년 11월 24일 ~ 2019년 2월 16일 ,  48부작 ,,  문화방송 ,  예인E&M ,  홍영희 ,"  한채영, 배수빈, 오윤아, 이천희 外 ",2018-11-24 00:00:00
사랑했나봐,  2012년 10월 15일 ~ 2013년 5월 3일 ,  144부작 ,   막장 드라마 ,  문화방송 ,  MBC C&I ,  원영옥 ,"  박시은(1980), 안재모, 황동주, 김보경(1976) 外 ",2012-10-15 00:00:00
2004인간시장,  2004년 3월 8일 ~ 2004년 5월 11일 ,  20부작 ,,  SBS ,  초록뱀 미디어 ,  장영철 ,"  김상경, 박지윤(멀티 엔터테이너), 김소연(배우), 김상중 등 ",2004-03-08 00:00:00
배가본드,  2019년 9월 20일 ~ 2019년 11월 23일 ,  16부작 ,"  액션, 멜로, 판타지, 범죄, 드라마 ",,  셀트리온 엔터테인먼트   250억원 ,"  장영철, 정경순 ","  이승기, 수지(1994), 신성록 外 ",2019-09-20 00:00:00
조선혼담공작소꽃파당,  2019년 9월 16일 ~  2019년 11월 5일 ,  16부작 ,  사극 ,  JTBC ,"  블러썸스토리, JP E&M ",  김이랑 ,"  김민재(배우), 공승연, 서지훈(1997), 박지훈(1999) 外 ",2019-09-16 00:00:00
황진이,  2006년 10월 11일 ~ 2006년 12월 28일 ,  24부작 ,"  드라마, 퓨전 사극 ",  한국방송공사 ,  올리브나인 ,  윤선주 ,"  하지원, 김영애, 왕빛나, 김재원(배우), 류태준, 장근석 外 ",2006-10-11 00:00:00
변혁의사랑,  2017년 10월 14일 ~ 2017년 12월 3일 ,  16부작 ,  드라마 ,  tvN ,   삼화네트웍스 ,  주현 ,"  최시원, 강소라, 공명(배우) 外 ",2017-10-14 00:00:00
무법변호사,  2018년 5월 12일 ~ 2018년 7월 1일  ,  16부작 ,"  법정물, 복수물, 드라마 ",  tvN ,  로고스필름 (주) ,  윤현호 ,"  이준기, 서예지, 이혜영(1962), 최민수 外 ",2018-05-12 00:00:00
하백의신부2017, 2017년 7월 3일 ~ 2017년 8월 22일 , 16부작 ,, tvN , 넘버쓰리픽쳐스 , 정윤정 ," 신세경, 남주혁, 임주환, 크리스탈, 공명(배우) 外 ",2017-07-03 00:00:00
모래시계,,  24부작 ,  시대극 ,  SBS ,  SBS 프로덕션 ,  송지나 ,"  최민수, 고현정, 박상원, 이정재 外 ",unknown
신데렐라언니,  2010년 3월 31일 ~ 2010년 6월 3일 ,  20부작 ,  드라마 ,  한국방송공사 ,  에이스토리 ,  김규완 ,"  문근영, 천정명, 서우, 택연 外 ",2010-03-31 00:00:00
디데이,  2015년 9월 18일 ~ 2015년 11월 21일 ,  20부작 ,  자연재해 ,  JTBC ,  SM C&C ,  황은경 ,"  김영광(배우), 정소민, 하석진, 윤주희, 이경영(1960), 차인표 外 ",2015-09-18 00:00:00
나도꽃,  2011년 11월 9일 ~ 2011년 12월 28일 ,  15부작 ,,  문화방송 ,  문화방송 자체 제작 ,  김도우(각본가) ,"  이지아, 윤시윤, 한고은, 조민기, 서효림 外 ",2011-11-09 00:00:00
응답하라1988, 2015년 11월 6일 ~ 2016년 1월 16일, 20부작,, tvN,," 이우정, 이선혜, 김송희, 정보훈", 응답하라 1988,2015-11-06 00:00:00
천번의입맞춤,  2011년 8월 20일 ~ 2012년 2월 5일 ,  50부작 ,  가족 ,  문화방송 ,  지앤지프로덕션 ,  박정란 ,"  서영희, 김소은, 지현우, 류진(배우) 外 ",2011-08-20 00:00:00
각시탈,  2012년 5월 30일 ~ 2012년 9월 6일 ,  28부작 ,"  드라마, 액션, 시대극 ",  한국방송공사 ,"  KBS N, 팬 엔터테인먼트, 각시탈 문화산업 전문회사 ",  유현미 ,"  주원, 진세연, 박기웅, 한채아 外 ",2012-05-30 00:00:00
솔로몬의위증,  2016년 12월 16일 ~ 2017년 1월 28일 ,  12부작 ,,  JTBC ,  아이윌미디어 ,  김호수 ,"  김현수(2000년 6월), 장동윤, 조재현, 안내상, 김여진 外 ",2016-12-16 00:00:00
비밀과거짓말,  2018년 6월 25일 ~ 2019년 1월 11일 ,  122부작 ,,  문화방송 ,  문화방송 C&I ,  이도현 ,"  오승아, 서해원, 이중문(배우), 김경남 등 ",2018-06-25 00:00:00
하트투하트,  2015년 1월 9일 ~ 2015년 3월 7일 ,  16부작 ,, tvN ,"  초록뱀미디어, 메가몬스터 ","  이정아, 고선희 ","  최강희(배우), 천정명, 이재윤, 안소희 外 ",2015-01-09 00:00:00
무정도시,  2013년 5월 27일 ~ 2013년 7월 30일 ,  20부작 ,,  JTBC ,  DRM MEDIA ,  유성열 ,"  정경호(1983), 남규리, 이재윤, 김유미(1979) 外 ",2013-05-27 00:00:00
불야성,  2016년 11월 21일 ~ 2017년 1월 24일  ,  20부작 ,  드라마  ,  문화방송 ,  불야성문화산업전문회사 ,  한지훈 ,"  이요원, 진구, 유이 外 ",2016-11-21 00:00:00
엄마,  2015년 9월 5일 ~ 2016년 2월 21일 ,  50부작 ,  가족 ,  문화방송 ,  이관희 프로덕션 ,  김정수(각본가) ,"  차화연, 장서희, 김석훈, 이태성 外 ",2015-09-05 00:00:00
아르곤, 2017년 9월 4일 ~  2017년 9월 26일 , 8부작 ,, tvN , 데이드림 엔터테인먼트 ," 전영신, 주원규, 신하은 ","  김주혁(배우), 천우희 外 ",2017-09-04 00:00:00
특수사건전담반TEN,,,  범죄 ,  OCN_LOGO.png ,   MBC C&I ,  이재곤 ,"  주상욱, 조안, 김상호(배우), 최우식 등 ",unknown
태양을삼켜라,  2009년 7월 8일 ~ 2009년 10월 1일 ,  25부작 ,  드라마 ,  서울방송 ,  뉴포트픽처스 ,"  최완규, 이서윤 ","  지성(배우), 성유리, 이완(배우) 外 ",2009-07-08 00:00:00
그남자의기억법,   2020년 3월 18일 ~ 2020년  5월 7일 (예정),  32부작 ,,  문화방송 ,"  몽작소   김상헌, 조형진 ",  김윤주 ,"  김동욱(배우), 문가영 外 ",2020-03-18 00:00:00
이태원클라쓰,  ON AIR 2020년 1월 31일 ~ 2020년 3월 21일(예정) ,  16부작(예정) ,,,"  쇼박스, 콘텐츠 지음, 이태원클라쓰 문화산업전문회사.jpg  이상윤, 정수진, 한석원 ",  조광진 ,"  박서준, 김다미(배우), 유재명, 권나라 外 ",unknown
조선생존기,  2019년 6월 8일 ~ 2019년  8월 17일  ,  16부작 ,"   판타지, 사극 ",   TV CHOSUN ,"  화이브라더스코리아 , 롯데컬처웍스 ",  박민우 ,"  서지석, 경수진 外 ",2019-06-08 00:00:00
영광의재인,  2011년 10월 12일 ~ 2011년 12월 28일 ,  24부작 ,  막장 드라마 ,  한국방송공사 ,"  김종학 프로덕션, DRM 미디어 ",  강은경 ,"  천정명, 박민영(배우), 이장우(배우), 박성웅, 이진 外 ",2011-10-12 00:00:00
초면에사랑합니다,  2019년 5월 6일 ~ 2019년 6월 25일 ,  32부작 ,  로맨틱 코미디 ,  SBS ,  비욘드제이 ,  김아정 ,"  김영광(배우), 진기주, 김재경, 구자성 外 ",2019-05-06 00:00:00
마을-아치아라의비밀,  2015년 10월 7일 ~ 2015년 12월 3일 ,  16부작 ,"  서스펜스 스릴러, 공포, 판타지 ",  SBS ,  래몽래인 ,  도현정 ,"  문근영, 육성재, 신은경(배우) 外 ",2015-10-07 00:00:00
사랑의불시착,  2019년 12월 14일 ~ 2020년 2월 16일,  16부작 + 스페셜 3부작 ,  로맨스 ,,"  문화창고, 스튜디오 드래곤   김선정, 박지영 ",  박지은(각본가) ,"  현빈, 손예진, 서지혜(배우), 김정현(1990) 外 ",2019-12-14 00:00:00
마마,  2014년 8월 2일 ~ 2014년 10월 19일 ,  24부작 ,,  문화방송 ,,  유윤경 ,"  송윤아, 정준호, 문정희 外 ",2014-08-02 00:00:00
마스터-국수의신,  2016년 4월 27일 ~ 2016년 6월 30일  ,  20부작 ,  드라마 ,  KBS 2TV ,  베르디미디어/드림E&M ,  채승대 ,"  천정명, 조재현, 정유미(1984), 이상엽 외 ",2016-04-27 00:00:00
전우치,  2012년 11월 21일 ~ 2013년 2월 7일 ,  24부작 ,"  드라마, 액션, 판타지 시대극 ",  한국방송공사 ,  초록뱀미디어 ,"  조명주, 박대영 ","  차태현, 유이(배우), 이희준, 백진희 外 ",2012-11-21 00:00:00
술의나라, 2003년 4월 9일 ~ 2003년 5월 29일 , 총 16부작 ,, SBS, JS픽쳐스]] , 정성주 → 이향희 ," 김재원(배우), 김민정(1982), 최강희(배우), 이동욱 外 ",2003-04-09 00:00:00
대풍수,  2012년 10월 10일 ~ 2013년 2월 7일 ,  35부작 ,,  SBS ,"  크레아웍스, 레드로버 ","  남선년, 박상희 ","  지성(배우), 지진희, 송창의, 김소연(배우), 이윤지 外 ",2012-10-10 00:00:00
원티드,  2016년 6월 22일 ~ 2016년 8월 18일 ,  16부작 ,,  SBS ,"  이매진아시아, 재미난 프로젝트 ",  한지완 ,"  김아중, 지현우, 엄태웅 外 ",2016-06-22 00:00:00
오나의귀신님,  2015년 7월 3일 ~ 2015년 8월 22일 ,  16부작 ,,  tvN ,  초록뱀미디어 ,  양희승 ,"  박보영, 조정석, 임주환, 김슬기 外 ",2015-07-03 00:00:00
"하이바이,마마!",  ON AIR 2020년 2월 22일 ~2020년 4월 12일 ,  16부작 ,,,"  스튜디오 드래곤, 엠아이   김건홍, 이정희 ",  권혜주 ,"  김태희, 이규형(배우), 고보결 外 ",unknown
오만과편견, 2014년 10월 27일 ~ 2015년 1월 13일 , 21부작 ,, 문화방송 ," MBC, 본팩토리 ", 이현주 ," 백진희, 최진혁, 최민수, 이태환, 손창민 外 ",2014-10-27 00:00:00
유리화,  2004년 12월 1일 ~ 2005년 2월 3일 ,  18부작 ,,  SBS ,  이김프로덕션 ,  박혜경 ,"  김하늘, 이동건, 김성수(배우) 外 ",2004-12-01 00:00:00
크로스,  2018년 1월 29일 ~ 2018년 3월 20일 ,  16부작 ,"  의학 드라마, 복수물, 드라마 ",  tvN ,  로고스필름 (주) ,  최민석 ,"  고경표, 조재현, 전소민 外  ",2018-01-29 00:00:00
알함브라궁전의추억,  2018년 12월 1일 ~ 2019년 1월 20일 ,  16부작 ,,  한국: tvN 전 세계: Netflix ,"  스튜디오 드래곤, 초록뱀미디어   220억원 ",  송재정 ,"  현빈, 박신혜 外 ",2018-12-01 00:00:00
20세기소년소녀,  2017년 10월 9일 ~ 2017년 11월 28일 ,  32부작 ,  감성 로맨스 ,  문화방송 문화방송 ,  화이브라더스코리아 ,  이선혜 ,"  한예슬, 김지석(배우), 이상우(배우), 류현경, 이상희(배우), 안세하, 오상진 外 ",2017-10-09 00:00:00
욱씨남정기,  2016년 3월 18일 ~ 2016년 5월 7일 ,  16부작 ,"  로맨스, 코믹 ",  JTBC ,"  드라마하우스, 삼화네트웍스 ",  주현 ,"  이요원, 윤상현(배우) 外 ",2016-03-18 00:00:00
파스타,  2010년 1월 4일 ~ 2010년 3월 9일 ,  20부작 ,,,"  올리브나인   고동선(기획), 차호근, 임종원(제작) ",  서숙향 ,"  공효진, 이선균, 이하늬, 알렉스(클래지콰이) 外 ",2010-01-04 00:00:00
신의선물-14일,  2014년 3월 3일 ~ 2014년 4월 22일 ,  16부작 + 스페셜 1부작 ,  스릴러 ,  SBS ,  콘텐츠K ,"  최란, 박예경 ","  이보영, 조승우 외 ",2014-03-03 00:00:00
학교3,  2000년 3월 5일 ~ 2001년 4월 1일 ,  49부작 ,,  KBS ,,  홍자매 ,"  이인혜, 박광현, 조인성, 오유나, 한희, 이동욱, 조재현, 안홍진 外 ",2000-03-05 00:00:00
최고의연인,  2015년 12월 7일 ~ 2016년 5월 20일 ,  116부작 ,"  가족, 로맨스, 막장 드라마 ",  문화방송 ,  팬 엔터테인먼트 ,  서현주 ,"  하희라, 정찬, 강민경, 강태오, 곽희성, 조안(배우) 外 ",2015-12-07 00:00:00
마녀유희,   2007년 3월 21일 ~ 2007년 5월 10일 ,  16부작 ,,  SBS ,"  제로원인터랙티브, 칼리스타 ",  김원진 ,"  한가인, 재희, 데니스 오, 김정훈(UN), 전혜빈 外 ",2007-03-21 00:00:00
사랑하는은동아,  2015년 5월 29일 ~ 2015년 7월 18일 ,  16부작 ,  멜로 ,  JTBC ,  드라마하우스 ,  백미경 ,"  주진모(1974), 김사랑 外 ",2015-05-29 00:00:00
열여덟스물아홉,  2005년 3월 7일 ~ 2005년 4월 26일 ,  16부작 ,  로맨틱 코미디 ,  KBS 2TV ,  KBS 2TV 자체제작 ,"  고봉황, 김경희 ","  박선영(1976), 류수영, 박은혜, 이중문(배우) 外 ",2005-03-07 00:00:00
해피엔딩,  2012년 4월 23일 ~ 2012년 7월 16일 ,  24부작 ,  휴먼 코미디 ,  JTBC ,  로고스필름 ,  김윤정 ,"  최민수, 심혜진, 이승연, 소유진, 강타 外 ",2012-04-23 00:00:00
검사내전,  2019년 12월 16일 ~ 2020년 2월 11일 ,  16부작 ,  법정물 ,  JTBC ,  ㈜에스피스   오남석 ,"  이현, 서자연 ","  이선균, 정려원, 이성재, 김광규(배우), 전성우(배우), 이상희(배우) 外 ",2019-12-16 00:00:00
앵그리맘,  2015년 3월 18일 ~ 2015년 5월 7일 ,  16부작 ,,  문화방송 ,  문화방송 자체제작 ,  김반디 ,"  김희선, 김유정(배우), 지현우 外 ",2015-03-18 00:00:00
낭만닥터김사부,  2016년 11월 7일 ~ 2017년 1월 17일 ,  20부작 + 스페셜 번외편 1부작 ,"  의학, 휴먼 ",  SBS ,"  삼화네트웍스   안제현, 신상윤 ",  강은경 ,"  한석규, 유연석, 서현진(배우), 김홍파, 진경(배우), 임원희, 양세종(배우), 장혁진 外 ",2016-11-07 00:00:00
직장의신,  2013년 4월 1일 ~ 2013년 5월 21일 ,  16부작 ,  드라마 ,  KBS 2TV ,"  KBS 미디어, MI Inc ",  윤난중 ,"  김혜수, 오지호(배우), 정유미(1983), 이희준, 전혜빈, 조권 外 ",2013-04-01 00:00:00
THEK2, 2016년 9월 23일 ~ 11월 12일 , 16부작,, tvN, HB엔터테인먼트, 장혁린," 지창욱, 송윤아, 임윤아, 조성하, 김갑수 등",2016-09-23 00:00:00
로맨스는별책부록,  2019년 1월 26일 ~ 2019년 3월 17일 ,  http://news.chosun.com/site/data/html_dir/2018/11/22/2018112201902.html ,,,  글앤그림미디어 ,  정현정 ,"  이나영, 이종석(배우), 정유진(배우), 위하준 外 ",2019-01-26 00:00:00
실종느와르M,  2015년 3월 28일 ~ 2015년 5월 30일 ,  10부작 ,  범죄 ,  OCN_LOGO.png ,   MBC C&I ,  이유진 ,"  김강우, 박희순, 조보아 등 ",2015-03-28 00:00:00
굿와이프, 2016년 7월 8일 ~ 2016년 8월 27일 , 16부작,, tvN, 스튜디오드래곤, 한상운(소설가)," 전도연, 유지태, 윤계상, 김서형, 나나(애프터 스쿨), 이원근 등",2016-07-08 00:00:00
김과장,  2017년 1월 25일 ~ 2017년 3월 30일 ,  20부작 ,,  KBS 2TV ,  로고스 필름 ,  박재범(각본가) ,"  남궁민, 남상미, 준호(2PM), 정혜성, 김원해 外 ",2017-01-25 00:00:00
후아유-학교2015,  2015년 4월 27일 ~ 2015년 6월 16일 ,  16부작 ,"  학원물, 로맨스 ",  KBS 2TV ,  FNC엔터테인먼트   정성효 ,"  김민정, 임예진 ","  김소현(1999), 남주혁, 육성재, 전미선, 이필모, 김희정(1992), 이초희, 이다윗, 조수향 등 ",2015-04-27 00:00:00
메디컬탑팀,  2013년 10월 9일 ~ 2013년 12월 12일 ,  20부작 ,,  문화방송 ,  에이스토리 ,  윤경아 ,"  권상우, 정려원, 주지훈, 오연서, 민호 外 ",2013-10-09 00:00:00
병원선,  2017년 8월 30일 ~ 2017년 11월 2일 ,  40부작 ,,  문화방송 ,  팬 엔터테인먼트 ,  윤선주 ,"  하지원, 강민혁(가수), 이서원  外 ",2017-08-30 00:00:00
위대한조강지처,  2015년 6월 15일 ~ 2015년 12월 4일 ,  121부작 ,  막장 드라마 ,  문화방송 ,  지담 ,  황순영 ,"  강성연, 김지영(1974), 황우슬혜 外 ",2015-06-15 00:00:00
의사요한,   2019년 7월 19일 ~ 2019년 9월 7일 ,  16부작 ,,  SBS ,  스튜디오드래곤 ,  김지운 ,"  지성(배우), 이세영(배우), 이규형(배우), 황희(배우) 外 ",2019-07-19 00:00:00
검사프린세스,  2010년 3월 31일 ~ 2010년 5월 20일 ,  16부작 ,  드라마 ,  서울방송 ,  호가 엔터테인먼트 ,  소현경 ,"  김소연(배우), 박시후, 한정수, 최송현 外 ",2010-03-31 00:00:00
내일도칸타빌레,  2014년 10월 13일 ~ 12월 2일 ,  16부작 ,,  KBS 2TV ,  그룹에이트 ,"  박필주, 신재원 ","  주원, 심은경 外 ",2014-10-13 00:00:00
투윅스,  2013년 8월 7일 ~ 2013년 9월 26일 ,  16부작 ,"  범죄, 액션 ",  문화방송 ,  JS픽쳐스 ,  소현경 ,"  이준기, 김소연(배우), 류수영, 박하선, 조민기, 김혜옥, 이채미 外 ",2013-08-07 00:00:00
라이프온마스,  2018년 6월 9일 ~ 2018년 8월 5일 ,  16회  ,  수사물 ,  OCN_LOGO.png ,"  스튜디오드래곤, 프로덕션H  ",  이대일 ,"  정경호(1983), 박성웅, 고아성, 오대환, 노종현 등 ",2018-06-09 00:00:00
총리와나,  2013년 12월 9일 ~ 2014년 2월 4일 ,  17부작 ,,  KBS 2TV ,  SM C&C ,"  김은희, 윤은경 ","  이범수, 윤아(소녀시대), 채정안, 윤시윤 外 ",2013-12-09 00:00:00
톱스타유백이,  2018년 11월 16일 ~ 2019년 1월 25일 ,  11부작 ,,  tvN ,  tvN ,"  이소정, 이시은 ","  김지석(배우), 전소민, 이상엽 外 ",2018-11-16 00:00:00
선덕여왕,  2009년 5월 25일 ~ 2009년 12월 22일 ,  62부작 + 스페셜 1부작 ,  한국 사극 ,  문화방송 ,  타임박스 프로덕션 ,"  김영현, 박상연(각본가) ","   이요원, 고현정, 엄태웅, 박예진, 김남길, 유승호 외 ",2009-05-25 00:00:00
아무도모른다,  2020년 3월 2일 ~ 2020년 4월 21일 (예정) ,  16부작 ,,  SBS ,  더스토리웍스   이힘찬 , 김은향 ,"  김서형, 류덕환, 박훈(배우), 안지호(배우), 민진웅, 문성근, 박철민, 장영남 外 ",2020-03-02 00:00:00
결혼못하는남자,  2009년 6월 15일 ~ 2009년 8월 4일 ,  16부작 ,,  후지 테레비   KBS 2TV ,"  간사이TV, 미디어믹스재팬(MMJ)   사과나무픽쳐스, 피닉스C&M ",  오자키 마사야   여지나 ,"  지진희, 엄정화, 양정아, 김소은, 유아인 등 ",2009-06-15 00:00:00
계룡선녀전,  2018년 11월 5일 ~ 2018년 12월 25일 ,  16부작 ,  코믹 판타지 드라마 ,  tvN ,  JS픽쳐스 ,  유경선 ,"  문채원, 윤현민, 서지훈(1997), 고두심, 미나(구구단) 外 ",2018-11-05 00:00:00
전생에웬수들,  2017년 11월 27일 ~ 2018년 6월 1일 ,  123부작 ,,  문화방송 ,  래몽래인 ,  김지은 ,"  최윤영(1986), 구원, 안재모, 고나연, 한진희, 이보희(배우), 이상아, 박현석, 노영민, 금보라, 최수린, 명지연, 이영란, 한갑수 등 ",2017-11-27 00:00:00
조선로코녹두전,  2019년 9월 30일 ~ 2019년 11월 25일 ,  32화 ,,  KBS 2TV | wavve ,"  프로덕션H, 몬스터유니온 ","  임예진, 백소연 ","  장동윤, 김소현(1999), 강태오, 정준호, 조수향 外 ",2019-09-30 00:00:00
좋은사람,  2016년 5월 2일 ~ 2016년 10월 28일 ,  122부작 ,,  문화방송 ,  문화방송 C&I ,"  은주영, 최연걸 ","  우희진, 현우성, 이효춘, 남경읍, 오미희, 독고영재, 장재호(배우), 강성미 등 ",2016-05-02 00:00:00
드림,   2009년 7월 27일 ~ 2009년 9월 29일 ,  20부작 ,,  SBS ,"  CJ엔터테인먼트, FEG ",  정형수 ,"  주진모(1974), 손담비, 김범 外 ",2009-07-27 00:00:00
아랑사또전,  2012년 8월 15일 ~ 2012년 10월 18일 ,  20부작 ,"  시대극, 판타지, 로맨스 ",  문화방송 ,  문화방송 ,"  정윤정, 김미나, 정재연 (크리에이터) ","  이준기, 신민아, 연우진, 권오중, 강문영, 유승호 外 ",2012-08-15 00:00:00
몬스터, 2016년 3월 28일 ~ 9월 20일 , 50부작 ," 멜로, 액션, 코미디, 범죄, 스릴러 ", 문화방송 , 이김프로덕션 ," 장영철, 정경순 "," 강지환, 성유리, 박기웅, 수현(배우), 조보아, 정보석, 이덕화, 박영규(배우), 진태현, 김보연, 김혜은  外 ",2016-03-28 00:00:00
사랑이오네요,  2016년 6월 20일 ~ 2016년 12월 16일 ,  122부작,,  SBS ,  후너스엔터테인먼트   이영훈 ,  김인강 ,"  김지영(1974), 이민영, 고세원, 이훈 등 ",2016-06-20 00:00:00
로열패밀리,  2011년 3월 2일 ~ 2011년 4월 28일 ,  18부작 ,  드라마 ,  문화방송 ,"  한희기획, CJ미디어 ",  권음미 ,"  염정아, 지성(배우), 김영애, 차예련, 전노민, 전미선 外 ",2011-03-02 00:00:00
굿닥터,  2013년 8월 5일 ~ 2013년 10월 8일 ,  20부작 ,  의학 드라마 ,  KBS 2TV ,  로고스필름 ,  박재범(각본가)  ,"  주원, 문채원, 주상욱 外 ",2013-08-05 00:00:00
로비스트,  2007년 10월 10일 ~ 2007년 12월 26일 ,  24부작 ,,  SBS ,  초록뱀미디어 ,"  주찬옥, 최완규 ","  장진영(배우), 송일국, 한재석 外 ",2007-10-10 00:00:00
태양은가득히,  2014년 2월 17일 ~ 2014년 4월 8일 ,  16부작 ,,  KBS 2TV ,,  허성혜 ,"  윤계상, 한지혜, 조진웅, 김유리(1984) 外 ",2014-02-17 00:00:00
상류사회,  2015년 6월 8일 ~ 2015년 7월 28일 ,  16부작 ,  청춘멜로 ,  SBS ,  HB엔터테인먼트 ,  하명희 ,"  유이(배우), 박형식, 성준(배우), 임지연 外 ",2015-06-08 00:00:00
상어,  2013년 5월 27일 ~ 2013년 7월 30일 ,  20부작 ,  멜로 ,  KBS 2TV ,  에넥스 텔레콤 ,  김지우(각본가) ,"  김남길, 손예진, 하석진, 이하늬 外 ",2013-05-27 00:00:00
우리집에사는남자,  2016년 10월 24일 ~ 2016년 12월 13일 ,  16부작 ,,  KBS 2TV ,  콘텐츠케이 ,  김은정 ,"  수애, 김영광(배우), 이수혁(배우), 김지훈(배우), 조보아 外 ",2016-10-24 00:00:00
훈남정음,  2018년 5월 23일 ~ 2018년 7월 19일  ,  32부작 ,  로맨틱 코미디 ,  SBS ,,  이재윤 ,"  남궁민, 황정음, 최태준, 오윤아 등 ",2018-05-23 00:00:00
추리의여왕시즌2,  2018년 2월 28일 ~ 2018년 4월 19일 ,  16부작 ,,  KBS 2TV ,"  추리의 여왕 시즌2 문전사, 에이스토리 ",  이성민 ,"  최강희(배우), 권상우, 이다희(배우), 박병은, 김현숙 외",2018-02-28 00:00:00
"손꼭잡고,지는석양을바라보자",  2018년 3월 21일 ~ 2018년 5월 10일 ,  32부작 ,  멜로 ,  문화방송 ,"  ㈜넘버쓰리픽쳐스, 세이온미디어㈜  ",  정하연 ,"  한혜진(배우), 윤상현(배우), 유인영, 김태훈(배우) 등 ",2018-03-21 00:00:00
러빙유,   2002년 7월 29일 ~ 2002년 9월 3일 ,  총 12부작 ,,  한국방송공사 ,,"  김종현, 신혜진 ","  박용하, 유진(배우), 이유리(배우), 이동욱 外  ",2002-07-29 00:00:00
동안미녀,  2011년 5월 2일 ~ 2011년 7월 5일 ,  20부작 ,  드라마 ,  한국방송공사 ,  에이스토리 ,"  오선형, 정도윤 ","  장나라, 최다니엘, 류진(배우), 김민서 外 ",2011-05-02 00:00:00
고맙습니다,  2007년 3월 21일 ~ 2007년 5월 10일 ,  16부작 ,  드라마 ,  문화방송 ,"  iHQ, The Film ",  이경희 ,"  장혁, 공효진, 서신애, 신성록, 신구(배우), 강부자, 김성은(1983) 外 ",2007-03-21 00:00:00
7일의왕비,  2017년 5월 31일 ~ 2017년 8월 3일 ,  20부작 ,"  퓨전사극, 멜로 ",  KBS 2TV ,"  몬스터유니온, 오형제 ",,"  박민영(배우), 연우진, 이동건 外 ",2017-05-31 00:00:00
화랑,,  20부작 ,,  KBS 2TV ,"  오보이프로젝트, 몬스터 유니온 ",  박은영 ,"  박서준, 고아라, 박형식 외 ",unknown
이웃집꽃미남,  2013년 1월 7일 ~ 2013년 2월 26일 ,  16부작 ,, tvN ,  오보이프로젝트 ,  김은정 ,"  윤시윤, 박신혜, 김지훈(배우), 박수진, 고경표 外 ",2013-01-07 00:00:00
풍선껌,  2015년 10월 26일 ~ 2015년 12월 15일 ,  총 16부작 ,,  tvN ,  화앤담픽쳐스 ,  이미나(1974) ,"  이동욱, 정려원, 이종혁(배우), 박희본 外 ",2015-10-26 00:00:00
불어라미풍아,  2016년 8월 27일 ~ 2017년 2월 26일 ,  53부작 ,  막장 드라마 ,  문화방송 ,"  (주)디케이이앤엠, (주)온다엔터테인먼트 ",  김사경 ,"  손호준, 임지연, 한주완, 임수향, 황보라, 장세현 外 ",2016-08-27 00:00:00
하자있는인간들,  2019년 11월 27일 ~ 2020년 1월 16일,  32부작 ,,  문화방송 ,  에이스토리 ,  안신유 ,"  오연서, 안재현, 김슬기 外 ",2019-11-27 00:00:00
유나의거리,  2014년 5월 19일 ~ 2014년 11월 11일 ,  50부작 ,, JTBC ,  드라마하우스 ,  김운경 ,"  김옥빈, 이희준 外 ",2014-05-19 00:00:00
보이스,  2017년 1월 14일 ~ 2017년 3월 12일 ,  16부작 ,"  범죄물, 액션, 스릴러 ",  OCN ,  키이스트 ,  마진원 ,"  이하나, 장혁, 백성현, 예성(슈퍼주니어), 손은서, 김재욱(배우) 등 ",2017-01-14 00:00:00
기적,  2006년 12월 9일 ~ 2006년 12월 27일 ,  4부작 ,,  문화방송 ,,  노희경 ,"  장용, 박원숙 外 ",2006-12-09 00:00:00
제중원,   2010년 1월 4일 ~ 2010년 5월 4일 ,  36부작 ,,  SBS ,"  김종학프로덕션, 마이네임이즈 ","  이기원]을 각색하였으며, [[스포트라이트를 집필하다가 도중하차한 바 있다.] ","  박용우, 한혜진(배우), 연정훈 外 ",2010-01-04 00:00:00
커피프린스1호점,  2007년 7월 2일 ~ 2007년 8월 27일 ,  17부작 ,  드라마 ,  문화방송 ,  MBC 드라마 제작국 ,"  이정아, 장현주 ","  공유(배우), 윤은혜, 이선균, 채정안 外 ",2007-07-02 00:00:00
마이더스,   2011년 2월 22일 ~ 2011년 5월 3일 ,  21부작 ,,  SBS ,  JS픽쳐스 ,  최완규 ,"  장혁, 김희애, 이민정 外 ",2011-02-22 00:00:00
빠스껫볼,  2013년 10월 21일 ~ 2013년 12월 17일 ,  18부작 ,, tvN ,  CJ E&M ,"  김지영, 장희진 ","  도지한, 이엘리야, 정동현(배우) 外 ",2013-10-21 00:00:00
마이시크릿호텔,  2014년 8월 18일 ~ 2014년 10월 14일 ,  16부작 ,, tvN ,  베르디미디어 ,"  김도현, 김예리 ","  유인나, 남궁민, 진이한 外 ",2014-08-18 00:00:00
죽어야사는남자,  2017년 7월 19일 ~ 2017년 8월 24일 ,  24부작 ,,  문화방송 ,  도레미엔터테인먼트 ,  김선희 ,"  최민수, 강예원, 신성록, 이소연(배우) 外 ",2017-07-19 00:00:00
피리부는사나이, 2016년 3월 7일 ~ 2016년 4월 26일 , 16부작 ,, tvN , 컨텐츠K , 류용재 ," 신하균, 유준상, 조윤희 ",2016-03-07 00:00:00
히어로, 2009년 11월 18일 ~ 2010년 1월 14일 , 16부작 , 드라마 , 문화방송 ," 유니온 엔터테인먼트, 미디어 동물원 ", 박지숙 ," 이준기, 윤소이, 백윤식, 엄기준 外 ",2009-11-18 00:00:00
적도의남자,  2012년 3월 21일 ~ 2012년 5월 24일 ,  20부작 ,"  드라마, 멜로, 복수 ",  한국방송공사 ,  팬 엔터테인먼트 ,  김인영(각본가) ,"  엄태웅, 이보영, 이준혁, 임정은, 김영철(배우) 外 ",2012-03-21 00:00:00
피고인,  2017년 1월 23일 ~ 2017년 3월 21일 ,  18부작 ,"  법정,서스펜스 ",  SBS ,,"  최수진, 최창환 ","  지성(배우), 엄기준, 유리(소녀시대), 오창석(배우), 엄현경 외 ",2017-01-23 00:00:00
세상어디에도없는착한남자,  2012년 9월 12일 ~ 2012년 11월 15일 ,  20부작 ,"  드라마, 멜로, 복수 ",  한국방송공사 ,  KBS 드라마 제작국 ,  이경희 ,"  송중기, 문채원, 이광수(배우), 박시연, 김영철(배우) 外 ",2012-09-12 00:00:00
세잎클로버,  2005년 1월 17일 ~ 2005년 3월 14일 ,  16부작 ,,  SBS ,  DSP미디어 ,"  정현정 , 조현경 ","  이효리, 류진(배우), 김강우, 김정화, 이훈 등 ",2005-01-17 00:00:00
궁중잔혹사-꽃들의전쟁, 2013년 3월 23일 ~ 2013년 9월 8일 , 50부작 , 한국 사극 , JTBC , 드라마하우스 , 정하연 ," 김현주, 이덕화, 송선미, 고원희, 정성운, 정성모, 김주영(1987) 外 ",2013-03-23 00:00:00
로맨스가필요해2012,  2012년 6월 20일 ~ 2012년 8월 9일 ,  16부작 ,,  tvN ,  CJ E&M ,  정현정 ,"  정유미(1983), 이진욱, 김지석(배우) ",2012-06-20 00:00:00
다시시작해,  2016년 5월 23일 ~ 2016년 11월 18일,  121부작 ,,  문화방송 ,  문화방송 ,  원영옥 ,"  박민지, 김정훈(UN), 박선호(배우), 고우리 등 ",2016-05-23 00:00:00
미스터션샤인,  2018년 7월 7일 ~ 2018년 9월 30일  ,  24부작 ,"  시대극, 멜로, 로맨스, 드라마 ",,  화앤담픽처스   윤하림   430억원 ,  김은숙 ,"  이병헌, 김태리, 유연석, 김민정(1982), 변요한 外 ",2018-07-07 00:00:00
메이퀸,  2012년 8월 18일 ~ 2012년 12월 23일 ,  38부작 ,,  문화방송 ,,  손영목 ,"  한지혜, 김재원(배우), 손은서, 재희 外 ",2012-08-18 00:00:00
신분을숨겨라,  2015년 6월 16일 ~ 2015년 8월 4일 ,  16부작 ,, tvN ,  크로스픽쳐스 ,  강현성 ,"  김범, 윤소이, 박성웅, 이원종(1966) 外 ",2015-06-16 00:00:00
나쁜녀석들, 2014년 10월 4일 ~ 12월 13일 , 11부작 , 범죄 피카레스크 , OCN_LOGO.png , 얼반웍스미디어 , 한정훈 ," 김상중, 마동석, 박해진, 조동혁, 강예원 등 ",2014-10-04 00:00:00
바람의화원,   2008년 9월 24일 ~ 2008년 12월 4일 ,  20부작 + 스페셜 2부작 ,,  SBS ,  드라마하우스 ,  이은영 ,"  문근영, 박신양, 문채원, 류승룡 外 ",2008-09-24 00:00:00
딴따라,  2016년 4월 20일 ~ 2016년 6월 16일 ,  18부작 ,"  드라마, 성장 ",  SBS ,  이매진아시아 ,  유영아 ,"  지성(배우), 혜리, 채정안, 강민혁(가수) 외 ",2016-04-20 00:00:00
메리대구공방전,  2007년 5월 16일 ~ 2007년 7월 5일 ,  16부작 ,"  드라마, 로맨틱 코미디 ",  문화방송 ,,  김인영(각본가) ,"  지현우, 이하나, 왕빛나, 이민우(배우) 外 ",2007-05-16 00:00:00
쾌걸춘향,  2005년 1월 3일 ~ 2005년 3월 1일 , 17부작 ,  로맨틱코미디 ,  한국방송공사 ,  한국방송공사 자체제작 ,  홍자매 ,"  한채영, 재희, 엄태웅, 박시은(1980) 外 ",2005-01-03 00:00:00
에덴의동쪽,  2008년 8월 25일 ~ 2009년 3월 10일 ,  56부작 ,"  신파극, 시대극, 막장 드라마 ",  문화방송 ,"  코어콘텐츠미디어, 젤리박스, 초록뱀미디어 ",  나연숙 ,"  송승헌, 이다해, 연정훈, 조민기, 박해진, 한지혜, 이연희(배우) 外 ",2008-08-25 00:00:00
마담앙트완,  2016년 1월 22일 ~ 2016년 3월 12일,  16부작 ,  로맨틱 코미디 ,  JTBC ,  지앤지프로덕션 ,  홍자매 ,"  한예슬, 성준(배우), 정진운 外 ",2016-01-22 00:00:00
여왕의교실,  2013년 6월 12일 ~ 2013년 8월 1일 ,  16부작 ,  학원물  ,  문화방송 ,  MBC&IOK MEDIA ,"  김원석, 김은희 ","  고현정, 김향기, 김새론, 서신애, 천보근, 이영유(배우), 강찬희 외 ",2013-06-12 00:00:00
뱀파이어검사,,,"  범죄, 액션, 스릴러, 판타지 ",  OCN_LOGO.png ,  초록별 ,"  한정훈, 이승훈 ",,unknown
회사를관두는최고의순간,  2018년 6월 17일 ~ 8월 5일 ,   ,,  oksusu   라이프타임   TV 조선 ,  파노라마엔터테인먼트 ,"  정정화[*A ], 김지은, 김유나 ","  고원희, 이청아, 김재이, 정연주(배우), 김지은(배우), 고경표 外 ",2018-06-17 00:00:00
돌아와요순애씨,   2006년 7월 12일 ~ 2006년 8월 30일 ,  16부작 ,,  SBS ,"  단디 엔터테인먼트, 이엑스 스타 ",  최순식 ,"  심혜진, 박진희(1978), 윤다훈, 이재황(배우) 外 ",2006-07-12 00:00:00
추적자THECHASER,  2012년 5월 28일 ~ 2012년 7월 17일 ,  16부작 ,  드라마 ,  SBS ,"  김종학 프로덕션, 유한회사 추적자 ",  박경수(각본가) ,,2012-05-28 00:00:00
나인룸,  2018년 10월 6일 ~ 2018년 11월 25일 ,  16부작 ,,  tvN ,  김종학프로덕션 ,  정성희 ,"  김희선, 김영광(배우), 김해숙, 이경영(1960), 오대환 外 ",2018-10-06 00:00:00
블랙, 2017년 10월 14일 ~ 2017년 12월 10일 , 18부작 ," 범죄 , 막장 드라마 , 개그", OCN , 아이윌미디어 , 최란 ," 송승헌, 고아라, 이엘,  김동준(제국의아이들) 등 ",2017-10-14 00:00:00
우리가결혼할수있을까,  2012년 10월 29일 ~ 2013년 1월 1일 ,  20부작 ,,  JTBC ,  드라마하우스 ,  하명희 ,"  정소민, 성준(배우), 김영광(배우), 한그루 外 ",2012-10-29 00:00:00
동네의영웅,  2016년 1월 23일 ~ 3월 20일 ,  16부작 ,"  범죄, 액션 ",  OCN_LOGO.png ,  스타제이 엔터테인먼트 ,  장민석 ,"  박시후, 조성하, 이수혁(배우), 권유리, 윤태영, 정만식 등 ",2016-01-23 00:00:00
드라마의제왕,   2012년 11월 5일 ~ 2013년 1월 7일 ,  18부작 ,"  코미디, 로맨스, 풍자 ",  SBS ,"  SSD, 골든썸 ","  장항준, 이지효 ","  김명민, 정려원, 시원(슈퍼주니어), 정만식, 오지은 外 ",2012-11-05 00:00:00
스토브리그,  2019년 12월 13일 ~ 2020년 2월 14일 ,  16부작 + 스페셜 2부작 ,"  드라마, 스포츠물 ",  SBS ,  길픽쳐스 ,  이신화 ,"  남궁민, 박은빈, 오정세, 조병규(배우) 外 ",2019-12-13 00:00:00
달리는조사관,  2019년 9월 18일 ~ 2019년 10월 31일 ,  14부작 ,  휴먼 ,  OCN ,  데이드림엔터테인먼트 ,"  백정철, 이혜인 ","  이요원, 최귀화 外 ",2019-09-18 00:00:00
보스를지켜라,  2011년 8월 3일 ~ 2011년 9월 29일 ,  18부작 ,"  드라마, 로맨틱 코미디 ",  서울방송 ,  에이스토리 ,  권기영 ,"  지성(배우), 최강희(배우), 김재중, 왕지혜 外 ",2011-08-03 00:00:00
"쌈,마이웨이",  2017년 5월 22일 ~ 2017년 7월 11일 ,  16부작 ,,  KBS 2TV ,  팬엔터테인먼트 ,  임상춘 ,"  박서준, 김지원(배우), 안재홍(배우), 송하윤 外 ",2017-05-22 00:00:00
앨리스,   2020년 ~ (예정) ,  ,,  SBS ,  더스토리웍스 ,"  김규원, 강철규, 김가영 ","  김희선, 주원 外  ",unknown
비밀의숲,  2017년 6월 10일 ~ 2017년 7월 30일 ,  16부작 + 스페셜 1부작 ,"  드라마, 스릴러, 범죄 ",  tvN ,"   씨그널 엔터테인먼트 그룹, IOK 미디어 ",  이수연(작가) ,"  조승우, 배두나, 이준혁, 유재명, 신혜선 外 ",2017-06-10 00:00:00
나의나라,  2019년 10월 4일 ~ 2019년 11월 23일 ,  16부작 + 스페셜1회 ,  사극 ,  JTBC ,  셀트리온 엔터테인먼트 나의나라문화전문유한회사   200억원 ,  채승대 ,"  양세종(배우), 우도환, 설현 外 ",2019-10-04 00:00:00
스케치,  2018년 5월 25일 ~ 2018년 7월 14일 ,  16부작 ,  액션 ,  JTBC ,"  드라마하우스, (주)네오엔터테인먼트 ",  강현성 ,"  비(연예인), 이동건, 이선빈, 정진영(배우) 外 ",2018-05-25 00:00:00
모두의거짓말,  2019년 10월 12일 ~ 2019년 12월 1일 ,  16부작 ,,  OCN ,  스튜디오 드래곤 ,"  전영신, 원유정 ","  이민기, 이유영, 온주완 外 ",2019-10-12 00:00:00
구가의서,  2013년 4월 8일 ~ 2013년 6월 25일 ,  24부작 ,  판타지 사극 ,  문화방송 ,  삼화네트웍스 ,  강은경 ,"  이승기, 수지(1994), 이성재, 조성하, 유동근, 조재윤 外 ",2013-04-08 00:00:00
일리있는사랑,  2014년 12월 1일 ~ 2015년 2월 3일 ,  20부작 ,, tvN ,  케이팍스 ,  김도우(각본가) ,"  엄태웅, 이시영(배우), 이수혁(배우), 최여진 外 ",2014-12-01 00:00:00
포레스트,  ON AIR 2020년 1월 29일 ~ 2020년 3월 19일 (예정) ,  32부작 ,,  KBS 2TV ,"  iHQ, 가지컨텐츠, 스타포스  정훈탁, 전용주, 오종록, 최성욱 ", 이선영 ,"  박해진, 조보아, 정연주(배우), 더노드 外 ",unknown
이리와안아줘,  2018년 5월 16일 ~ 2018년 7월 19일 ,  32부작 ,"  범죄, 로맨스 ",  문화방송 ,"  이매진아시아 , 컴퍼니 칭 ",  이아람 ,"  장기용, 허준호, 진기주 外 ",2018-05-16 00:00:00
포도밭그사나이,  2006년 7월 24일 ~ 2006년 9월 12일 ,  16부작 ,"  드라마, 로맨틱 코미디 ",  한국방송공사 ,"  http://kjhpro.com/, 포도나무 픽쳐스 ",  조명주 ,"  윤은혜, 오만석, 정소영(여자 배우), 김지석(배우), 이순재, 김창완 外 ",2006-07-24 00:00:00
애타는로맨스,  2017년 4월 17일 ~ 2017년 5월 30일  ,  13부작 ,  로맨틱 코미디 ,  OCN ,  가딘미디어 ,"  김하나, 김영윤 ","  성훈, 송지은, 김재영, 정다솔 외 ",2017-04-17 00:00:00
응답하라1997, 2012년 7월 24일 ~ 2012년 9월 18일, 16부작,, tvN,," 이우정, 이선혜, 김란주 "," 정은지, 서인국, 신소율, 은지원, 이시언 外",2012-07-24 00:00:00
드림하이,  2011년 1월 3일 ~ 2011년 2월 28일 ,  16부작 ,,  KBS 2TV ,"  CJ미디어,키이스트,JYP엔터테인먼트 ",  박혜련 ,"  수지(1994), 김수현(배우), 택연, 은정(티아라), 우영(2PM), 아이유 外 ",2011-01-03 00:00:00
파란만장미스김10억만들기,  2004년 4월 7일 ~ 2004년 5월 27일 ,  16부작 ,"  ""코미디"" 멜로 ",  SBS ,  아이윌 미디어 ,  박연선 ,"  김현주, 지진희, 박건형, 김성령, 봉태규, 홍수현, 이규한 外 ",2004-04-07 00:00:00
연애시대,  2006년 4월 3일 ~ 2006년 5월 23일 ,  16부작 ,,  SBS ,  옐로우미디어 ,"  박연선, 노자와 히사시 원작 ",,2006-04-03 00:00:00
이판사판,  2017년 11월 22일 ~ 2018년 1월 11일 ,  32부작 ,,  SBS ,  씨티이엔티.png ,  서인 ,"  박은빈, 연우진, 동하(배우), 나해령, 이덕화, 김해숙, 허준석, 정유민, 홍승범, 정연주(배우), 이문식, 이창욱(배우), 우현, 배해선 등 ",2017-11-22 00:00:00
내일그대와,  2017년 2월 3일 ~ 2017년 3월 25일  ,  16부작 ,,  tvN ,  드림 E&M ,  허성혜 ,"  신민아, 이제훈 등 ",2017-02-03 00:00:00
시크릿부티크,  2019년 9월 18일 ~ 2019년 11월 28일 ,  16부작 ,  치정 스릴러 ,  SBS ,  더스토리웍스 ,  허선희 ,"  김선아, 장미희, 박희본, 고민시, 김재영(배우), 김태훈(배우) 外 ",2019-09-18 00:00:00
식샤를합시다3,  2018년 7월 16일 ~ 2018년 8월 28일 ,  14부작 ,  드라마 ,  tvN ,  셀트리온 엔터테인먼트 ,  임수미 ,"  윤두준, 백진희, 안우연, 이주우 外 ",2018-07-16 00:00:00
학교2020,  2018년 7월 16일 ~ 2018년 8월 28일 ,  14부작 ,  드라마 ,  tvN ,  셀트리온 엔터테인먼트 ,  임수미 ,"  윤두준, 백진희, 안우연, 이주우 外 ",2018-07-16 00:00:00
완벽한이웃을만나는법,  2007년 7월 25일 ~ 2007년 9월 27일 ,  20부작 ,,  SBS ,  스타맥스 ,  정지우 ,"  김승우, 배두나, 박시후, 왕지혜 外 ",2007-07-25 00:00:00
트라이앵글, 2014년 5월 5일 ~ 2014년 7월 29일, 26부작,,, 태원엔터테인먼트, 최완규,,2014-05-05 00:00:00
사의찬미,  2018년 11월 27일 ~ 2018년 12월 4일 ,  6부작 ,,  한국: SBS 전 세계: Netflix ,  더스토리웍스 ,  조수진 ,"  이종석(배우), 신혜선, 이지훈(1988) 등 ",2018-11-27 00:00:00
송곳,  2015년 10월 24일 ~ 2015년 11월 29일 ,  12부작 ,,  JTBC ,  씨그널엔터테인먼트그룹 ,"  이남규, 김수진 ","  지현우, 안내상, 현우(배우), 예성(슈퍼주니어), 박시환 外 ",2015-10-24 00:00:00
WATCHER,  2019년 7월 6일 ~  2019년  8월 25일 ,  16부작 ,,  OCN_LOGO.png ,  스튜디오드래곤 ,  한상운(소설가) ,"  한석규, 서강준, 김현주 外 ",2019-07-06 00:00:00
품위있는그녀, 2017년 6월 16일 ~ 8월 19일 , 20부작 ," 드라마, 통속극, 미스터리, 스릴러, 막장 드라마 ", JTBC ," 드라마하우스, JS픽쳐스 ", 백미경 ," 김희선, 김선아, 정상훈, 이태임, 이기우(배우) 外 ",2017-06-16 00:00:00
달자의봄,  2007년 1월 3일 ~ 2007년 3월 15일 ,  22부작 ,  드라마 ,  한국방송공사 ,  김종학프로덕션 ,  강은경 ,"  채림, 이민기, 이혜영(1971), 이현우(가수), 공형진 外 ",2007-01-03 00:00:00
내겐너무사랑스러운그녀,  2014년 9월 17일 ~ 2014년 11월 6일 ,  16화 ,  로맨틱 코미디 ,  SBS ,  에이스토리 ,  노지설 ,"  비(연예인), 크리스탈, 차예련, 엘(인피니트) 外 ",2014-09-17 00:00:00
"도둑놈,도둑님",  2017년 5월 13일 ~ 2017년 11월 5일  ,  50부작 ,"  멜로, 범죄, 풍자 ",  문화방송 ,  메이퀸픽쳐스,"  손영목, 차이영 ","  지현우, 서현(소녀시대), 김지훈(배우), 임주은 外  ",2017-05-13 00:00:00
마녀의사랑,  2018년 7월 25일 ~ 2018년 8월 30일 ,  12부작 ,,  MBN ,  김종학 프로덕션 ,  손은혜 ,"  윤소희, 현우(배우), 홍빈 ",2018-07-25 00:00:00
조선총잡이,  2014년 6월 25일 ~ 2014년 9월 4일 ,  22부작 ,"  시대극, 히어로 ",  한국방송공사 ,  KBS 미디어 ,"  이정우, 한희정 ","  이준기, 남상미, 전혜빈, 한주완, 유오성 外 ",2014-06-25 00:00:00
아이리스,  2009년 10월 14일 ~ 2009년 12월 17일 ,  20부작+ 스페셜 1부작 ,"  드라마, 블록버스터 첩보액션 ",  한국방송공사 ,"  태원엔터테인먼트, 에이치플러스 ","  김현준, 조규원, 김재은 ","  이병헌, 김태희, 정준호, T.O.P, 김승우, 김소연(배우), 김영철(배우) 外 ",2009-10-14 00:00:00
"금나와라,뚝딱!",  2013년 4월 6일 ~ 2013년 9월 22일 ,  50부작 ,"  가족, 막장 드라마 ",  문화방송 ,   이김프로덕션 ,  하청옥 ,"  한지혜, 연정훈, 이태성, 이수경 外 ",2013-04-06 00:00:00
대박,  2016년 3월 28일 ~ 2016년 6월 14일 ,  24부작 ,  퓨전사극 ,  SBS ,"  THE K, H E&M ",  권순규] ,"  장근석, 여진구, 임지연, 최민수 外 ",2016-03-28 00:00:00
멜로홀릭,  2017년 11월 6일 ~ 2017년 12월 5일 ,  10부작 ,  로맨스 ,  OCN ,  몬스터 유니온 ,  박소영 ,"  정윤호, 경수진 외 ",2017-11-06 00:00:00
더패키지,   2017년 10월 13일 ~ 2017년 11월 18일 ,  12부작 ,  드라마 ,  JTBC ,"  드라마하우스, JYP픽쳐스 ",  천성일 ,"  이연희(배우), 정용화, 최우식, 하시은, 류승수, 박유나, 정규수, 이지현, 윤박 外 ",2017-10-13 00:00:00
기름진멜로,  2018년 5월 7일 ~ 2018년 7월 17일  ,  38부작 ,  로맨틱 코미디 ,  SBS ,  SM C&C ,  서숙향 ,"  준호(2PM), 장혁, 정려원, 이미숙, 박지영(1969년), 임원희 등 ",2018-05-07 00:00:00
VIP,  2019년 10월 28일 ~  2019년  12월 24일 ,  16부작 ,,  SBS ,  더스토리웍스 ,  차해원 ,"  장나라, 이상윤(배우), 이청아, 곽선영, 표예진, 신재하, 이재원(배우), 장준원 外 ",2019-10-28 00:00:00
트로트의연인,  2014년 6월 23일 ~ 2014년 8월 12일 ,  16부작 ,,  KBS 2TV ,,  오선형 ,"  지현우, 정은지, 신성록, 이세영(배우) 外 ",2014-06-23 00:00:00
우리가사랑할수있을까,  2014년 1월 6일 ~2014년 3월 11일 ,  20부작 ,,  JTBC ,"  커튼콜하우스, 드라마하우스 ",  박민정 ,"  엄태웅, 유진(배우), 최정윤(배우), 김유미(1979), 김성수(배우) 外 ",2014-01-06 00:00:00
동네변호사조들호,   2016년 3월 28일 ~ 2016년 5월 31일 ,  20부작 ,,  KBS 2TV ,  SM C&C ,  이향희 ,"  박신양, 강소라, 박솔미, 류수영 外 ",2016-03-28 00:00:00
슬플때사랑한다,  2019년 2월 23일 ~ 2019년 4월 27일 ,  40부작 ,,  문화방송 ,  DK E&M ,  송정림 ,"  지현우, 박한별, 류수영, 왕빛나 外 ",2019-02-23 00:00:00
늑대,  2006년 1월 16일 ~ 2006년 1월 23일 ,  16화 → 4화 ,,  문화방송 ,  초록뱀 미디어 ,  김경세 ,,2006-01-16 00:00:00
넌어느별에서왔니,  2006년 3월 13일 ~ 2006년 5월 2일 ,  16부작 ,,  문화방송 ,  김종학프로덕션 ,  정유경 ,"  김래원, 정려원, 박시후, 강정화 外 ",2006-03-13 00:00:00
자명고,  2009년 3월 10일 ~ 2009년 7월 21일 ,  39부작 ,,  SBS ,  크리에이티브그룹 다다 ,  정성희 ,"  정려원, 정경호(1983), 박민영(배우) 外 ",2009-03-10 00:00:00
제빵왕김탁구,  2010년 6월 9일 ~ 2010년 9월 16일 ,  30부작(+스페셜 1부작) ,  시대극 ,  한국방송공사 ,  삼화네트웍스 ,  강은경 ,"  윤시윤, 주원, 유진(배우), 이영아 外 ",2010-06-09 00:00:00
신데렐라와네명의기사,  2016년 8월 12일 ~ 2016년 10월 1일  ,  16부작 ,,  tvN ,  HB엔터테인먼트 ,"  민지은, 원영실, 이승진 ","  정일우, 안재현, 이정신, 박소담, 최민(1987), 손나은, 최은경(방송인), 고보결, 김용건, 김혜리(배우), 조은숙 등 ",2016-08-12 00:00:00
바람의나라,  2008년 9월 10일 ~ 2009년 1월 15일 ,  36부작 ,"  드라마, 퓨전 사극 ",  KBS ,  초록뱀미디어 ,  박진우 ,"  송일국, 정진영(배우), 최정원(1981년 4월), 박건형 外 ",2008-09-10 00:00:00
굿바이솔로,  2006년 3월 1일 ~ 2006년 4월 20일 ,  16부작 ,  드라마 ,  한국방송공사 ,  한국방송공사 자체 제작 ,  노희경 ,"  천정명, 윤소이, 김민희(1982), 김남길, 이재룡, 배종옥, 나문희 外 ",2006-03-01 00:00:00
내연애의모든것,  2013년 4월 4일 ~ 2013년 5월 29일 ,  16부작 ,"  드라마, 정치, 로맨틱 코미디 ",  서울방송 ,,  권기영 ,"  신하균, 이민정 外 ",2013-04-04 00:00:00
비밀의숲2,  2020년 ~ ,  부작 ,,  tvN ,     ,  이수연(작가) ,"  조승우, 배두나 外 ",unknown
보좌관,,,"  정치물, 피카레스크(장르) ",  JTBC | Netflix ,  넥스트엔터테인먼트월드  ,  이대일 ,"  이정재, 신민아, 이엘리야, 김동준(제국의아이들) 外 ",unknown
아가씨를부탁해,  2009년 8월 19일 ~ 2009년 10월 8일 ,  16부작 ,,  한국방송공사 ,  이김프로덕션 ,"  윤은경, 김은희], 밤이면 밤마다(드라마), 눈의 여왕(드라마) 등이 있으며 주로 둘이 합작하여 극본을 쓰나 굵직한 히트작이 없어서 잘 알려져 있지는 않다.(...) 그리고 우리가 아는 김은희 작가와는 [[동명이인.] ","  윤은혜, 윤상현, 정일우, 문채원 外 ",2009-08-19 00:00:00
맨몸의소방관,  2017년 1월 12일 ~ 2017년 1월 19일 ,  4부작 ,  드라마 ,  KBS 2TV ,  얼반웍스미디어 ,  유정희 ,"  이준혁, 정인선, 이원종(1966), 조희봉 등 ",2017-01-12 00:00:00
추리의여왕,  2017년 4월 5일 ~ 2017년 5월 25일 ,  16부작 ,,  KBS 2TV ,  에이스토리 ,  이성민 ,"  최강희(배우), 권상우, 이원근, 신현빈 등 ",2017-04-05 00:00:00
맨땅에헤딩,  2009년 9월 9일 ~ 2009년 11월 4일 ,  16부작 ,  드라마 ,  문화방송 ,"  케이팍스, SM 엔터테인먼트 ",  김솔지 ,"  유노윤호, 고아라, 이윤지, 이상윤(배우) 外 ",2009-09-09 00:00:00
짝패,  2011년 2월 7일 ~ 2011년 5월 24일 ,  32부작 ,,  문화방송 ,  팬 엔터테인먼트 ,  김운경 ,"  천정명, 이상윤(배우), 한지혜, 서현진(배우) 外 ",2011-02-07 00:00:00
순수의시대,,, 소설,,,,,unknown
"이번주,아내가바람을핍니다",  2016년 10월 28일  ~ 2016년 12월 3일 ,  12부작 ,,  JTBC ,  드라마하우스 ,"  이남규, 김효신, 이예림 ",,2016-10-28 00:00:00
무사백동수,  2011년 7월 4일 ~ 2011년 10월 10일  ,   29부작 + 스페셜 1부작 ,,  SBS ,"  케이팍스, 소프트라인 ",  권순규 ,"  지창욱, 유승호, 윤소이, 신현빈 外 ",2011-07-04 00:00:00
백희가돌아왔다,  2016년 6월 6일 ~ 2016년 6월 14일 ,  4부작 ,   코미디 ,  KBS 2TV ,  FNC 엔터테인먼트 ,  임상춘 ,"  강예원, 진지희, 김성오, 최대철 外 ",2016-06-06 00:00:00
호구의사랑,  2015년 2월 9일 ~ 2015년 3월 31일 ,  16부작 ,, tvN ,  엠아이 ,  윤난중 ,"  유이(배우), 최우식, 임슬옹, 이수경(1996) 外 ",2015-02-09 00:00:00
디어마이프렌즈, 2016년 5월 13일 ~ 7월 2일 , 16부작 ,, tvN ," 스튜디오드래곤, GT 엔터테인먼트 ", 노희경 ," 고현정, 김혜자, 고두심, 나문희, 윤여정, 박원숙, 신구(배우), 주현, 김영옥(배우), 신성우 등 ",2016-05-13 00:00:00
미스터Q,   1998년 5월 20일 ~ 1998년 7월 16일 ,  18부작 ,,  SBS ,,  이희명(극본가) ,"  김민종, 김희선, 송윤아 外 ",1998-05-20 00:00:00
구해줘,  2017년 8월 5일 ~ 2017년 9월 24일 ,  16부작 ,"  스릴러, 범죄 ",  OCN ,  히든시퀀스 ,  정신규 ,"  서예지, 옥택연, 우도환, 조성하, 조재윤, 전여빈, 이다윗, 하회정, 박지영(1969년) 등 ",2017-08-05 00:00:00
추노,  2010년 1월 6일 ~ 2010년 3월 25일 ,  24부작 ,,,  초록뱀미디어 ,  천성일 ,"  장혁, 오지호(배우), 이다해, 공형진, 이종혁(배우) 外 ",2010-01-06 00:00:00
불의여신정이,  2013년 7월 1일 ~ 2013년 10월 22일 ,  32부작 ,"  사극, 멜로 ",  문화방송 ,  케이팍스 ,"  권순규, 이서윤 ","  문근영, 이상윤(배우), 김범, 박건형, 서현진(배우) 外 ",2013-07-01 00:00:00
하녀들,  2014년 12월 12일 ~ 2015년 3월 28일 ,  20부작 ,, JTBC ,  드라마하우스 ,  조현경 ,"  오지호(배우), 정유미(1984), 김동욱(배우), 이시아(배우) 外 ",2014-12-12 00:00:00
장난스런키스,   2010년 9월 1일 ~ 2010년 10월 21일 ,  16부작 ,,  문화방송 ,  그룹에이트 ,"  고은님], 드라마 첫사랑, 환생-NEXT, [[혼(드라마) 등을 집필.] ","  김현중(SS501), 정소민 外 ",2010-09-01 00:00:00
주군의태양,  2013년 8월 7일 ~ 2013년 10월 3일 ,  17부작 ,"  로맨틱 코미디, 호러 ",  SBS ,"  본 팩토리   문석환, 오광희 ",  홍자매 ,"  소지섭, 공효진, 서인국, 김유리(1984) 外 ",2013-08-07 00:00:00
트랩,  2019년 2월 9일 ~ 3월 3일 ,   7부작 + 디렉터스 컷 1부 ,,  OCN_LOGO.png ,  필름몬스터 ,  남상욱 ,"  이서진, 성동일, 임화영 外 ",2019-02-09 00:00:00
힐러,  2014년 12월 8일 ~ 2015년 2월 10일 ,  20부작 ,"  액션, 멜로 ",  KBS 2TV ,  김종학 프로덕션 ,  송지나 ,"  지창욱, 박민영(배우), 유지태 外 ",2014-12-08 00:00:00
"내딸,금사월",  2015년 9월 5일 ~ 2016년 2월 28일 ,  51부작 ,"  막장 드라마, 아유월드",  문화방송 ,  (주)지담,  김순옥 ,"  백진희, 윤현민, 전인화, 박세영, 도상우, 손창민, 박상원, 도지원, 김희정 外  ",2015-09-05 00:00:00
크리스탈,  1999년 10월 6일 ~ 1999년 11월 25일 ,  16부작 ,,  SBS ,,  황선영  ,"  김남주, 박용우, 염정아 外 ",1999-10-06 00:00:00
아름다운나의신부,  2015년 6월 20일 ~ 8월 9일 ,  16부작 ,  범죄 ,  OCN_LOGO.png ,  도레미 엔터테인먼트 ,  유성열 ,"  김무열, 이시영(배우), 고성희, 류승수, 박해준 등 ",2015-06-20 00:00:00
청춘의덫,  1999년 1월 27일 ~ 1999년 4월 15일 ,  24부작 ,,  SBS ,  SBS 자체제작 ,  김수현(작가) ,"  심은하, 이종원, 전광렬, 유호정 外   http://programs.sbs.co.kr/drama/youthtrap/about/54293 ",1999-01-27 00:00:00
뉴하트,  2007년 12월 12일~2008년 2월 28일 ,  23부작 ,,  MBC ,  JS픽쳐스 ,  황은경 ,"  지성(배우), 김민정(1982), 조재현, 박광정, 이지훈(멀티 엔터테이너) 외 ",2007-12-12 00:00:00
닥터챔프,  2010년 9월 27일 ~ 2010년 11월 16일 ,  20부작 ,,  SBS ,  미러클미디어 ,  노지설 ,"  김소연(배우), 엄태웅, 정겨운, 차예련 外 ",2010-09-27 00:00:00
비밀의문,  2014년 9월 22일 ~ 2014년 12월 9일 ,  24부작 ,  퓨전사극 ,  SBS ,  폴로니아 ,  윤선주 ,,2014-09-22 00:00:00
왕의얼굴,  2014년 11월 19일 ~ 2015년 2월 5일  ,  23부작 ,  퓨전사극 ,  KBS 2TV ,  KBS 미디어  ,  이향희 ,"  서인국, 이성재, 조윤희, 신성록 外 ",2014-11-19 00:00:00
해피시스터즈,  2017년 12월 4일 ~ 2018년 5월 25일 ,  120부작,,  SBS ,  SBS Plus ,  한영미 ,"  심이영, 한영(방송인), 오대규, 강서준, 이시강, 반소영 등 ",2017-12-04 00:00:00
번외수사,  2017년 12월 4일 ~ 2018년 5월 25일 ,  120부작,,  SBS ,  SBS Plus ,  한영미 ,"  심이영, 한영(방송인), 오대규, 강서준, 이시강, 반소영 등 ",2017-12-04 00:00:00
바람이분다,  2019년 5월 27일 ~ 2019년 7월 16일 ,  16부작 ,  멜로 ,  JTBC ,"  드라마하우스, 소금빛미디어 ",  황주하 ,"  감우성, 김하늘 外 ",2019-05-27 00:00:00
미스함무라비,  2018년 5월 21일 ~ 2018년 7월 16일 ,  16부작 ,  법률 드라마 ,  JTBC ,  넥스트엔터테인먼트월드  ,  문유석 ,"  고아라, 엘(인피니트), 성동일, 류덕환, 이엘리야, 이태성 外 ",2018-05-21 00:00:00
비밀,  2013년 9월 25일 ~ 2013년 11월 14일 ,  16부작 ,,  KBS 2TV ,"  비밀 문화산업전문회사, CONTENT K   최관용, 황창우 ","  유보라, 최호철 ","  지성(배우), 황정음, 배수빈, 이다희(배우) 外 ",2013-09-25 00:00:00
49일,  2011년 3월 16일 ~ 2011년 5월 19일 ,  20부작 ,  판타지 드라마 ,  SBS ,  HB 엔터테인먼트 ,  소현경 ,"  이요원, 조현재, 정일우, 남규리 外 ",2011-03-16 00:00:00
조작,  2017년 7월 24일 ~ 2017년 9월 12일 ,  32부작 ,"  범죄, 서스펜스 ",  SBS ,  더스토리웍스   박형기 ,  김현정 ,"  남궁민, 유준상, 엄지원, 문성근, 전혜빈 外 ",2017-07-24 00:00:00
야왕,  2013년 1월 14일 ~ 2013년 4월 2일 ,  24부작 ,"  범죄, 멜로 ",  SBS ,  베르디미디어 ,  이희명 ,"  권상우, 수애, 김성령, 유노윤호, 고준희 ",2013-01-14 00:00:00
작은신의아이들,  2018년 3월 3일 ~ 2018년 4월 22일 ,  16부작  ,  범죄 ,  OCN_LOGO.png ,"  스튜디오드래곤, KPJ, 이인삼각 ",  한우리 ,"  김옥빈, 강지환, 심희섭, 이엘리야 등 ",2018-03-03 00:00:00
로맨스타운,  2011년 5월 11일 ~ 2011년 7월 14일 ,  20부작 ,  로맨틱 코미디 ,  KBS 2TV ,"  CJ E&M, 에넥스텔레콤 ",  서숙향 ,"  성유리, 정겨운, 김민준(배우), 민효린 등 ",2011-05-11 00:00:00
토마토,  1999년 4월 21일 ~ 1999년 6월 10일 ,  16부작 ,,  SBS ,,  이희명(극본가) ,"  김희선, 김석훈, 김지영(1974) 外 ",1999-04-21 00:00:00
서른이지만열일곱입니다,  2018년 7월 23일 ~ 2018년 9월 18일 ,  32부작 ,"  로맨틱 코미디, 휴먼, 성장 ",  SBS ,  본팩토리 ,  조성희 ,"  신혜선, 양세종(배우), 안효섭 外 ",2018-07-23 00:00:00
크리스마스에눈이올까요?,  2009년 12월 2일 ~ 2010년 1월 28일 ,  16부작 (完) ,,  SBS ,  iHQ ,  이경희 ,,2009-12-02 00:00:00
싸우자귀신아,  2016년 7월 11일 ~2016년 8월 30일 ,  16부작 ,,  tvN ,  그룹에이트 ,  이대일 ,"  김소현(1999), 옥택연, 권율(배우), 김상호(배우), 이다윗, 백서이 外 ",2016-07-11 00:00:00
미스터백,  2014년 11월 5일 ~ 2014년 12월 25일 ,  16부작 ,"  드라마, 판타지, 코미디, 로맨스 ",  문화방송 ,  이김프로덕션 ,  최윤정 ,"  장나라,  신하균,  박예진,  이준(배우) 外 ",2014-11-05 00:00:00
"귀신보는형사,처용",,,"  범죄, 액션, 스릴러, 오컬트, 판타지 ",  OCN_LOGO.png ,  Daydream 엔터테인먼트 ,  홍승현 ,,unknown
아직도결혼하고싶은여자,  2010년 1월 20일 ~2010년 3월 11일 ,  16부작 ,  드라마 ,  문화방송 ,  김종학 프로덕션 ,  김인영(각본가) ,"  박진희(1978), 엄지원, 왕빛나, 김범, 이필모, 최철호 外 ",2010-01-20 00:00:00
여자를울려,  2015년 4월 18일 ~ 2015년 8월 30일 ,  40부작 ,"  가족, 막장 드라마 ",  문화방송 ,  문화방송 자체제작 ,  하청옥 ,"  김정은(배우), 송창의, 하희라, 이태란 外 ",2015-04-18 00:00:00
눈의여왕,  2006년 11월 13일 ~ 2007년 1월 8일 ,  16부작 ,"  판타지, 멜로, 드라마 ",  한국방송공사 ,  윤스칼라 ,"  김은희, 윤은경  ","  현빈, 성유리, 임주환, 유인영 外 ",2006-11-13 00:00:00
아이언맨,  2014년 9월 10일 ~ 2014년 11월 13일 ,  총 18화 ,,  KBS 2TV ,  iHQ ,  김규완 ,"   이동욱, 신세경, 김갑수, 한은정 등 ",2014-09-10 00:00:00
미세스캅,  2015년 8월 3일 ~ 2015년 9월 29일 ,  18부작 ,"  액션, 수사물, 범죄 ",  SBS ,  소금빛미디어(주) ,  황주하 ,"  김희애, 손호준, 이다희(배우), 김민종 外 ",2015-08-03 00:00:00
복수가돌아왔다,  2018년 12월 10일 ~ 2019년 2월 4일 ,  32부작 + 스페셜 1부작 ,  학원 로맨스 ,  SBS ,"  슈퍼문픽처스, 애니플러스 ",  김윤영 ,"  유승호, 조보아, 곽동연 外 ",2018-12-10 00:00:00
쩐의전쟁,,  20부작 ,  범죄 ,  SBS ,,  이향희 ,"  박신양, 박진희(1978), 김정화, 신동욱(배우) 外 ",unknown
미스티,  2018년 2월 2일 ~ 2018년 3월 24일 ,  16부작 ,"  드라마, 미스터리, 멜로 ",  JTBC ,  글앤그림미디어 ,  제인 ,"  김남주, 지진희 外 ",2018-02-02 00:00:00
왔다!장보리,  2014년 4월 5일 ~ 2014년 10월 12일 ,  52부작 ,"  막장 드라마, 아유월드 ",  문화방송 ,  예인 엔터테인먼트 → (주)지담  ,  김순옥 ,"  오연서, 이유리(배우), 김지훈(배우), 오창석 外 ",2014-04-05 00:00:00
완벽한아내,  2017년 2월 27일 ~ 2017년 5월 2일 ,  20부작 ,"  막장 드라마, 미스터리, 스릴러 ",  KBS 2TV ,"  완벽한 아내 문화산업전문회사, KBS 미디어 ",  윤경아 ,"  고소영, 윤상현(배우), 조여정, 성준(배우) 外  ",2017-02-27 00:00:00
터널,  2017년 3월 25일 ~ 2017년 5월 21일 ,  16부작 ,  범죄 ,  OCN ,  THE UNICORN ,  이은미 ,"  최진혁, 윤현민, 이유영 등 ",2017-03-25 00:00:00
명랑소녀성공기,  2002년 3월 13일 ~ 2002년 5월 2일 ,  16부작 ,,  SBS ,  에이트픽스 ,  이희명 ,"  장나라, 장혁, 류수영, 한은정, 윤태영, 추자현, 권해효, 정민, 오승은(배우), 나한일, 이혜숙, 조형기(배우), 박순천(배우), 김영옥(배우) 등 ",2002-03-13 00:00:00
의문의일승,  2017년 11월 27일 ~ 2018년 1월 30일 ,  40부작 ,"  수사물, 드라마 ",  SBS ,  래몽래인 ,  이현주 ,"  윤균상, 정혜성, 김희원(배우), 장현성, 윤유선, 최원영, 전국환 外 ",2017-11-27 00:00:00
청춘시대,   2016년 7월 22일 ~ 2016년 8월 27일 ,  12부작 ,"  드라마, 청춘, 로맨스, 미스터리 범죄 스릴러 ",  JTBC ,"  드림이엔엠, 드라마하우스 ",  박연선 ,"  한예리, 한승연, 박은빈, 류화영, 박혜수, 윤박 外 ",2016-07-22 00:00:00
그녀는예뻤다,  2015년 9월 16일 ~ 2015년 11월 11일 ,  16부작 ,  로맨틱 코미디 ,  문화방송 ,  본팩토리 ,  조성희 ,"  황정음, 박서준, 고준희, 최시원 外 ",2015-09-16 00:00:00
루갈,  2020년 3월 28일 ~ (예정) ,  16부작 ,"  범죄, 액션  ",  OCN ,  리옌엔터테인먼트 ,  도현 ,"  최진혁, 박성웅, 조동혁, 정혜인, 한지완, 김민상, 박선호(배우) 外 ",2020-03-28 00:00:00
장사의신-객주2015,  2015년 9월 23일 ~ 2016년 2월 18일  ,  41부작 ,  중편사극 ,  KBS 2TV ,  SM C&C ,"  정성희, 이한호 ","  장혁, 유오성, 김민정(1982), 한채아 外 ",2015-09-23 00:00:00
미생, 2014년 10월 17일 ~ 2014년 12월 20일, 20부작,, tvN,, 정윤정," 임시완, 이성민(배우), 강소라, 강하늘, 김대명(배우), 변요한, 신은정, 박해준, 이경영(1960) 外",2014-10-17 00:00:00
자백,  2019년 3월 23일 ~ 2019년 5월 12일 ,  16부작 ,,  tvN ,"  스튜디오드래곤, 에이스팩토리 ",  임희철 ,"  준호(2PM), 유재명, 신현빈 外 ",2019-03-23 00:00:00
마녀보감,  2016년 5월 13일 ~ 2016년 7월 16일 ,  20부작 ,  퓨전사극 ,  JTBC ,"  아폴로픽쳐스, 드라마하우스 ",  양혁문 ,"  윤시윤, 김새론, 염정아, 이성재(배우), 곽시양 外 ",2016-05-13 00:00:00
마이프린세스,  2011년 1월 5일 ~ 2011년 2월 24일 ,  16부작 ,  로맨틱 코미디 ,  문화방송 ,"  커튼콜제작단, 스톰에스컴퍼니 ",  장영실 ,"  송승헌, 김태희, 박예진, 류수영 外 ",2011-01-05 00:00:00
동이,  2010년 3월 22일 ~ 2010년 10월 12일 ,  60부작 ,,  MBC ,"  리더스콘텐츠컴패니, 이세중 ",  김이영 ,"   한효주, 지진희, 이소연(배우), 배수빈, 정진영(배우) 외 ",2010-03-22 00:00:00
피노키오,  2014년 11월 12일 ~ 2015년 1월 15일 ,  20부작 ,  멜로 ,  SBS ,  iHQ ,  박혜련 ,,2014-11-12 00:00:00
붉은달푸른해,  2018년 11월 21일 ~ 2019년 1월 16일 ,  32부작 + 스페셜 1부작 ,"  스릴러, 수사물 ",  문화방송 ,"  메가몬스터   이준호, 김용진 ",  도현정 ,"  김선아, 이이경, 남규리, 엔(빅스) 外 ",2018-11-21 00:00:00
수상한장모,  2019년 5월 20일 ~ 2019년 11월 8일  ,  123부작  ,,  SBS ,  SBS Plus →  씨제스 엔터테인먼트   박문철 ,  김인강 ,"  김혜선(배우), 신다은, 박진우(배우), 손우혁, 안연홍, 김정현(1976) 外 ",2019-05-20 00:00:00
골든타임,  2012년 7월 9일 ~ 2012년 9월 25일 ,  23부작 ,  의학 ,  문화방송 ,  MBC ,  최희라 ,"  이선균, 황정음, 이성민(배우), 송선미 外 ",2012-07-09 00:00:00
어비스,  2019년 5월 6일 ~ 2019년 6월 25일 ,  16부작 ,,,  네오엔터테인먼트 ,  문수연 ,"  박보영, 안효섭, 이성재 外 ",2019-05-06 00:00:00
성균관스캔들,  2010년 8월 30일 ~ 2010년 11월 2일 ,  20부작 ,"  로맨스, 드라마, 코미디, 사극 ",  KBS 2TV ,   래몽래인 ,  김태희 ,"  박민영(배우), 박유천, 유아인, 송중기 등 ",2010-08-30 00:00:00
불량가족,  2006년 3월 22일 ~ 2006년 5월 11일 ,  16부작 ,,  SBS ,  에이트픽스 ,"  이희명, 한은경 ","  김명민, 남상미, 박진우(배우), 현영, 이영유(배우) 外 ",2006-03-22 00:00:00
봄이오나봄,  2019년 1월 23일 ~ 2019년 3월 21일  ,  32부작 ,"  판타지, 코미디 ",  문화방송 ,  JS픽쳐스 ,  이혜선 ,"  이유리(배우), 엄지원, 이종혁(배우), 최병모 外 ",2019-01-23 00:00:00
태양의후예,,  16부작 (본편) 3부작 (스페셜) ,"  휴먼, 액션, 멜로, 로맨스 ",  KBS 2TV ,  넥스트엔터테인먼트월드   130억원 ,"  김원석, 김은숙 ","  송혜교, 송중기, 진구, 김지원(배우), 강신일 外 ",unknown
역류,  2017년 11월 13일 ~ 2018년 4월 26일 ,  119부작 ,,  문화방송 ,  문화방송 C&I ,"  김지연, 서신혜, 한희정 ","  신다은, 이재황(배우), 서도영, 김해인, 정성모, 정애리(배우), 임도윤, 이응경, 소희정, 남명렬, 지은성, 이현걸 등 ",2017-11-13 00:00:00
드림하이2,  2012년 1월 30일 ~ 2012년 3월 20일 ,  16부작 ,"  학원물, 로맨스 ",  KBS ,"  JYP, 키이스트, CJ E&M ","  허성혜, 장은미 ","  강소라, 정진운, 지연(1993), JB, 박서준 外 ",2012-01-30 00:00:00
맨홀-이상한나라의필,  2017년 8월 9일 ~ 2017년 9월 28일 ,  16부작 ,  시트콤 로맨스 ,  KBS 2TV ,  셀트리온엔터테인먼트 ,,"  김재중, 유이(배우), 바로, 정혜성 外 ",2017-08-09 00:00:00
아름다운날들,  2001년 3월 14일 ~ 2001년 5월 31일 ,  24부작 ,,,  웰메이드 예당 ,  윤성희 ,"  이병헌, 최지우, 류시원, 이정현(멀티 엔터테이너) 外 ",2001-03-14 00:00:00
두번은없다,  ON AIR  2019년 11월 2일 ~ 2020년 3월 7일 ,  72부작 ,,  문화방송 , 팬엔터테인먼트.png   김희열 ,  구현숙 ,"     윤여정, 박세완, 곽동연, 오지호(배우), 예지원 外 ",unknown
최고의이혼,  2018년 10월 8일 ~ 2018년 11월 27일 ,  32부작 ,  로맨틱 코미디 ,  KBS 2TV ,"  	몬스터 유니온, 더아이 엔터테인먼트 ",  문정민 ,"  차태현, 배두나, 이엘, 손석구 外 ",2018-10-08 00:00:00
라이브,  2018년 3월 10일 ~ 2018년 5월 6일 ,  18부작 ,  드라마 ,  tvN ,  지티스트 ,  노희경 ,"  정유미(1983), 이광수(배우), 배성우, 배종옥 外 ",2018-03-10 00:00:00
프레지던트,  2010년 12월 15일 ~ 2011년 2월 24일 ,  20부작 ,,  KBS 2TV ,  필림이지 엔터테인먼트 ,"  손영목]], 손지혜 ","  최수종, 하희라, 제이, 왕지혜, 성민 外 ",2010-12-15 00:00:00
달의연인-보보경심려,  2016년 8월 29일 ~ 2016년 11월 1일 ,  20부작 ,, SBS ,,  조윤영 ,"  이준기, 아이유, 강하늘, 홍종현 外 ",2016-08-29 00:00:00
백야3.98,  1998년 8월 31일 ~ 1998년 11월 3일 ,  20부작 ,,  SBS ,  SBS 프로덕션,"  강은경, 한태훈 ","  최민수, 심은하, 이병헌, 이정재, 진희경, 신현준 外 ",1998-08-31 00:00:00
빠담빠담,  2011년 12월 5일 ~ 2012년 2월 7일 ,  20부작 ,"  멜로, 드라마 ",  JTBC ,"  MI, MWM ",  노희경 ,"  정우성, 한지민, 김범 外 ",2011-12-05 00:00:00
세계의끝,  2013년 3월 16일 ~ 2013년 5월 5일 ,  12부작 ,,,  JTBC ,  박혜련 ,  윤제문 外 ,2013-03-16 00:00:00
뷰티풀마인드,  2016년 6월 20일 ~ 2016년 8월 2일 ,  14부작 ,  의학 ,  KBS 2TV ,  래몽래인 ,  김태희 ,"  장혁, 박소담, 윤현민, 박세영 외 ",2016-06-20 00:00:00
탁구공,  2018년 9월 17일 ~ 2018년 9월 18일 ,  2부작 ,  드라마 ,  JTBC ,  드라마하우스 ,  박지원 ,"  유재명, 지수(배우) 外 ",2018-09-17 00:00:00
빅맨,  2014년 4월 28일 ~ 2014년 6월 17일 ,  16부작 ,,  KBS 2TV ,"  김종학 프로덕션, KBS 미디어 ",  최진원 ,"  강지환, 이다희(배우), 최다니엘, 정소민 外 ",2014-04-28 00:00:00
W,  2016년 7월 20일 ~ 2016년 9월 14일 ,  16부작 ,,  문화방송 ,  초록뱀미디어 ,  송재정 ,"  이종석(배우), 한효주, 김의성, 이태환, 정유진 外 ",2016-07-20 00:00:00
역도요정김복주,  2016년 11월 16일 ~ 2017년 1월 11일 ,  16부작 ,"  학원물, 로맨틱 코미디, 성장 ",  문화방송 ,"  초록뱀미디어   오민수, 김상헌 ",  양희승 ,"  이성경, 남주혁, 경수진, 이재윤 外  ",2016-11-16 00:00:00
우아한가,  2019년 8월 21일 ~ 2019년 10월 17일 ,  16부작 ,  드라마 ,  MBN | Dramax ,  삼화 네트웍스 ,,"  임수향, 이장우(배우), 배종옥 外 ",2019-08-21 00:00:00
닥터탐정,  2019년 7월 17일 ~ 2019년 9월 5일  ,  16부작  ,  산업 재해 메디컬 수사극 ,  SBS ,  더스토리웍스 ,  송윤희 ,"  박진희(1978), 봉태규, 이기우(배우) 外 ",2019-07-17 00:00:00
개인의취향,  2010년 3월 31일 ~ 2010년 5월 20일 ,  16부작 ,"  드라마, 로맨스 ",  문화방송 ,  이김프로덕션 ,"  이새인, 김희주 ","  손예진, 이민호(1987), 김지석(배우), 왕지혜 등 ",2010-03-31 00:00:00
오로라공주, 2013년 5월 20일 ~ 2013년 12월 20일 , 150부작 , 막장 드라마 , 문화방송 , 싸이더스HQ→ MBC C&I , 임성한 ," 전소민, 오창석(배우), 서하준, 정주연 外 ",2013-05-20 00:00:00
홍콩익스프레스,   2005년 2월 16일 ~ 2005년 4월 7일 ,  16부작 ,,  SBS ,"  캐슬인더스카이, iHQ ",  김성희 ,"  차인표, 조재현, 송윤아, 김효진(배우)  外 ",2005-02-16 00:00:00
듀얼,  2017년 6월 3일 ~ 2017년 7월 23일  ,  16부작 ,  범죄 ,  OCN ,  초록뱀미디어 ,  김윤주 ,"  정재영, 김정은(배우), 양세종(배우), 서은수(배우) 등 ",2017-06-03 00:00:00
쇼핑왕루이,  2016년 9월 21일 ~ 2016년 11월 10일 ,  16부작 ,,  문화방송 ,  문화방송 자체제작 ,  오지영 ,"  서인국, 남지현, 윤상현(배우), 임세미 外 ",2016-09-21 00:00:00
앙큼한돌싱녀,  2014년 2월 27일 ~ 2014년 4월 24일 ,  16부작 ,,  문화방송 ,"  판타지오, IOK Media ","  이하나, 최수영 ","  이민정, 주상욱, 김규리(1979년 10월), 서강준 外 ",2014-02-27 00:00:00
자이언트,  2010년 5월 10일 ~ 2010년 12월 7일 ,  60부작 ,  시대극 ,  SBS ,  JS픽쳐스 ,"  장영철, 정경순 ",,2010-05-10 00:00:00
하이에나,  ON AIR 2020년 2월 21일 ~  ,  부작 ,,  SBS | 넷플릭스 ,  SBS | 키이스트 ,  김루리 ,"  김혜수, 주지훈 外 ",unknown
유령,  2012년 5월 30일 ~ 2012년 8월 9일 ,  20부작 ,"  범죄, 스릴러 ",  SBS ,  HB엔터테인먼트 ,  김은희 ,"  소지섭, 이연희(배우), 엄기준, 곽도원 ",2012-05-30 00:00:00
굿캐스팅,  2020년 4월 ~ (예정) ,   ,,  SBS ,  박스미디어   박해선 , 박지하 ,"  최강희(배우), 유인영, 김지영(1974), 이상엽, 이종혁(배우), 이준영(1997) 外 ",unknown
아이두아이두,  2012년 5월 30일 ~ 2012년 7월 19일 ,  16부작 ,,  문화방송 ,  김종학프로덕션 ,  조정화 ,"  김선아, 이장우(배우), 박건형, 임수향 外 ",2012-05-30 00:00:00
그저바라보다가,  2009년 4월 29일 ~ 2009년 6월 18일 ,  16부작 ,"  드라마, 로맨스 ",  KBS 2TV ,  래몽래인 ,"  정진영, 김의찬 ","  황정민, 김아중, 주상욱, 전미선, 이청아, 백성현 外 ",2009-04-29 00:00:00
명불허전,  2017년 8월 12일 ~ 2017년 10월 1일 ,  16부작 ,"  드라마, 의학 ",  tvN ,   본팩토리 ,"  김은희], 싸인(드라마)으로 유명한 그 [[김은희 작가가 아닌 동명이인이다.] ","  김남길, 김아중, 유민규, 문가영 外 ",2017-08-12 00:00:00
한성별곡,  2007년 7월 9일 ~ 2007년 7월 31일 ,  8부작 ,  퓨전 사극 ,  KBS 2TV ,  KBS ,  박진우 ,"  진이한, 김하은, 이천희, 안내상 外 ",2007-07-09 00:00:00
여름향기,  2003년 7월 7일 ~ 2003년 9월 8일 ,  20부작 ,"  멜로, 드라마 ",  KBS 2TV ,  팬 엔터테인먼트 ,  최호연 ,"  송승헌, 손예진, 류진(배우), 한지혜 外 ",2003-07-07 00:00:00
Dr.깽,  2006년 4월 5일 ~ 2006년 5월 25일 ,  16부작 ,,  문화방송 ,  iHQ ,  김규완  ,"  양동근, 한가인, 이종혁(배우), 박시은(1980) 外 ",2006-04-05 00:00:00
"왕관을쓰려는자,그무게를견뎌라-상속자들", 2013년 10월 9일 ~ 2013년 12월 12일 , 20부작 ," 드라마, 학원물, 로맨스, 가족암투극 ",, 화앤담픽처스 , 김은숙 ," 이민호(1987), 박신혜, 김우빈, 크리스탈, 김지원(배우), 강민혁(가수), 박형식 外 ",2013-10-09 00:00:00
천명,  2013년 4월 24일 ~ 2013년 6월 27일 ,  총 20부작 ,,  KBS 2TV ,,"  최민기, 윤수정 ","  이동욱, 김유빈(배우), 송지효 外 ",2013-04-24 00:00:00
학교2017,  2017년 7월 17일 ~ 2017년 9월 5일 ,  16부작 ,,  KBS 2TV ,"  학교 2017 문화산업전문회사, 프로덕션에이치 ","  정찬미, 김승원, 김주만 ","  세정(구구단), 김정현(1990), 장동윤, 한선화, 한주완 外 ",2017-07-17 00:00:00
패션70's,  2005년 5월 23일 ~ 2005년 8월 29일 ,  28부작 ,,  SBS ,"  김종학프로덕션, 세정 ",  정성희 ,"  이요원, 김민정(1982), 주진모(1974), 천정명 外 ",2005-05-23 00:00:00
연애의발견,  2014년 8월 18일 ~ 2014년 10월 7일 ,  16부작 ,  로맨스 ,  KBS 2TV ,  JS픽쳐스 ,  정현정 ,"  정유미(1983), 문정혁, 성준(배우) 外 ",2014-08-18 00:00:00
샐러리맨초한지,  2012년 1월 2일 ~ 2012년 3월 13일 ,  22부작 + 스페셜 2부작 ,"  코미디, 스릴러 ",  서울방송 ,  JS픽쳐스 ,"  장영철, 정경순 ","  이범수, 정려원, 정겨운, 홍수현, 이덕화, 김서형 外 ",2012-01-02 00:00:00
언터처블,  2017년 11월 24일 ~ 2018년 1월 20일 ,  16부작 ,,  JTBC ,"  김종학, 드라마하우스 ",  최진원 ,"  진구, 김성균, 고준희, 정은지, 박근형, 최종원, 손종학, 이재원(배우), 신정근, 예수정, 진경(배우), 박원상, 배유람, 임현성 등 ",2017-11-24 00:00:00
연애를기대해,  2013년 9월 11일 ~ 2013년 9월 12일 ,  2부작 ,,  KBS 2TV ,"  한국방송공사, IOK 미디어 ",  주화미 ,"  BoA, 최다니엘, 임시완, 김지원(배우) 外 ",2013-09-11 00:00:00
보그맘,  2017년 9월 15일 ~ 2017년 12월 1일 ,  12부작 ,"  드라마, 예능 ",  문화방송 ,,"  박은정, 최우주   버킹검X엘레강스! '보그맘' 포스터 촬영 현장   박한별, 촬영_좀_하게_해주세요^.^ ","  박한별, 양동근, 아이비(가수) 外 ",2017-09-15 00:00:00
로맨스가필요해시즌3,  2014년 1월 13일 ~ 2014년 3월 4일 ,  16부작 ,, tvN ,"  CJ E&M, JS픽쳐스 ",  정현정 ,"  김소연(배우), 성준(배우), 남궁민 外 ",2014-01-13 00:00:00
울랄라부부,  2012년 10월 1일 ~ 2012년 11월 27일 ,  18부작 ,  코믹 ,  KBS 2TV ,  콘텐츠K ,  최순식 ,"  신현준, 김정은(배우), 한재석, 한채아 外 ",2012-10-01 00:00:00
내사위의여자,  2016년 1월 4일 ~ 2016년 6월 17일 ,  120부작,,  SBS ,  SBS Plus   김용진 ,  안서정 ,"  서하준, 양진성, 박순천(배우), 장승조 등 ",2016-01-04 00:00:00
전설의마녀,  2014년 10월 25일 ~ 2015년 3월 8일 ,  40부작 ,,  문화방송 ,  팬 엔터테인먼트 ,  구현숙 ,"  한지혜, 하석진, 고두심, 오현경(1970), 하연수 外 ",2014-10-25 00:00:00
학교2013,  2012년 12월 3일 ~ 2013년 1월 28일 ,  16부작 ,  학원물 ,  KBS 2TV ,  콘텐츠K ,"  이현주, 고정원 ","  장나라, 최다니엘, 이종석(배우), 박세영, 류효영, 김우빈 外 ",2012-12-03 00:00:00
당신참예쁘다,  2011년 4월 4일 ~ 2011년 10월 7일 ,  135부작 ,  드라마 ,  문화방송 ,,  오상희 ,"  윤세아, 현우성, 김태훈(배우), 박탐희 外 ",2011-04-04 00:00:00
강남스캔들,  2018년 11월 26일 ~ 2019년 5월 17일,  123부작 ,"  막장드라마, 가족드라마 ",  SBS ,  SBS Plus ,  박혜련 ,"  신고은(가수), 임윤호, 서도영, 황보미(방송인), 방은희 外 ",2018-11-26 00:00:00
이번생은처음이라,  2017년 10월 9일 ~ 2017년 11월 28일 ,  16부작 ,,  tvN ,  엠아이(주) ,  윤난중 ,"  이민기, 정소민, 박병은, 이솜, 김가은(1989년 1월), 김민석(배우) 外 ",2017-10-09 00:00:00
무신,  2012년 2월 11일 ~ 2012년 9월 15일 ,  56부작 ,  사극 ,  문화방송 ,  문화방송 ,  이환경 ,"  김주혁(배우), 김규리(1979년 10월), 정보석, 박상민 外 ",2012-02-11 00:00:00
7급공무원,  2013년 1월 23일 ~ 2013년 3월 28일 ,  20부작 ,"  드라마, 첩보, 로맨스 ",  문화방송 ,"  커튼콜제작단, 사과나무픽쳐스 ",  천성일 ,"  주원, 최강희(배우), 황찬성 外 ",2013-01-23 00:00:00
더킹투하츠, 2012년 3월 21일 ~ 2012년 5월 24일, 20부작,, 문화방송, 김종학 프로덕션, 홍진아," 하지원, 이승기, 윤제문, 이윤지, 조정석 등",2012-03-21 00:00:00
일단뜨겁게청소하라!!,  2018년 11월 26일 ~ 2019년 2월 4일 ,  16부작 ,  로맨틱 코미디 ,,"  드라마하우스, 오형제 ",  한희정 ,"  김유정(배우), 윤균상, 송재림 外 ",2018-11-26 00:00:00
루루공주,   2005년 7월 27일 ~ 2005년 9월 29일 ,  20부작 ,,  SBS ,"  김종학프로덕션, 포이보스, 파크프로덕션 ","  권소연, 이혜선 ","  정준호, 김정은(배우), 김흥수(배우) 外 ",2005-07-27 00:00:00
순정에반하다,  2015년 4월 3일 ~ 2015년 5월 23일 ,  16부작 ,,  JTBC ,"  김종학 프로덕션, 도레미 엔터테인먼트   손기원, 김운호 ",  유희경 ,"  정경호(1983), 김소연(배우), 윤현민, 진구 外 ",2015-04-03 00:00:00
마의,  2012년 10월 1일 ~ 2013년 3월 25일 ,  50부작 + 스페셜 1부작 ,"  퓨전사극, 의학 ",  문화방송 ,"  김종학 프로덕션, 에이스토리 ",  김이영 ,"  조승우, 이요원, 손창민, 유선(배우) 外 ",2012-10-01 00:00:00
스마일어게인,  2006년 5월 17일 ~ 7월 6일 ,  16부작 ,,  SBS ,  조윤정 ,  윤성희 ,"  김희선, 이동건, 윤세아, 이진욱 ",2006-05-17 00:00:00
이별이떠났다,  2018년 5월 26일 ~ 2018년 8월 4일 ,  40부작 ,,  문화방송 ,"  슈퍼문픽쳐스, PF엔터테인먼트  ",  소재원 ,"  채시라]], 조보아, 이성재, 이준영(1997), 정혜영, [[정웅인 등 ",2018-05-26 00:00:00
카인과아벨,  2009년 2월 18일 ~ 2009년 4월 23일 ,  20부작 ,  드라마 ,  서울방송 ,"  플랜비픽처스, DIMA 엔터테인먼트 ","  박계옥, 윤혜진 ","  소지섭, 신현준, 한지민, 채정안 外 ",2009-02-18 00:00:00
햇빛쏟아지다,   2004년 2월 11일 ~ 2004년 4월 1일 ,  16부작 ,,  SBS ,  김종학프로덕션 ,"  조정화, 정영선 ","  류승범, 송혜교, 조현재 外 ",2004-02-11 00:00:00
기억, 2016년 3월 18일 ~ 2016년 5월 7일 , 16부작 ,, tvN , MI , 김지우(각본가) ," 이성민(배우), 김지수(배우), 박진희(1978), 준호(2PM), 윤소희, 이기우(배우) 外 ",2016-03-18 00:00:00
101번째프로포즈,  2006년 5월 29일 ~ 2006년 7월 25일 ,  15부작 ,  로맨틱코미디 ,  SBS ,  JS픽쳐스 ,  윤영미 ,"  이문식, 박선영(1976), 송창의 外 ",2006-05-29 00:00:00
싸인,  2011년 1월 5일 ~ 2011년 3월 10일 ,  20부작 ,  법의학 ,  SBS ,  골든썸 · 아폴로픽쳐스 ,  김은희 · 장항준 ,  박신양 · 김아중 · 전광렬 · 엄지원 · 정겨운 ,2011-01-05 00:00:00
최강칠우,  2008년 6월 17일 ~ 2008년 8월 19일 ,  20부작 ,,  KBS 2TV ,"  올리브나인, 퓨처원 ",  백운철 (케이피앤쇼) ,"  에릭(신화), 구혜선, 유아인, 전노민 外 ",2008-06-17 00:00:00
응급남녀,  2014년 1월 24일 ~ 2014년 4월 5일 ,  21부작 ,,  tvN ,,  최윤정 ,"  송지효, 최진혁, 이필모, 최여진, 클라라(배우) 外 ",2014-01-24 00:00:00
복면검사,  2015년 5월 20일 ~ 2015년 7월 9일  ,  16부작 ,,  KBS 2TV ,  김종학 프로덕션 ,  최진원 ,"  주상욱, 김선아, 엄기준 外 ",2015-05-20 00:00:00
아이템,  2019년 2월 11일 ~ 2019년 4월 2일 ,  32부작 + 스페셜 1부작 ,,   문화방송 ,  문화방송 자체 제작 ,  정이도 ,"  주지훈, 진세연, 김강우, 김유리(1984) 外 ",2019-02-11 00:00:00
구르미그린달빛,  2016년 8월 22일 ~  2016년 10월 18일  ,"  18부작, 특별판 3부작, 별전 1부작 ",,  KBS 2TV ,"  KBS 미디어, 구르미그린달빛 문전사 ","  김민정, 임예진 ","  박보검, 김유정(배우), 진영(B1A4), 채수빈, 곽동연 外 ",2016-08-22 00:00:00
장미빛연인들,  2014년 10월 18일 ~ 2015년 4월 12일 ,  52부작 ,  막장 드라마 ,  문화방송 ,"  DK이앤엠, 웰메이드예당 ",  김사경 ,"  이장우(배우), 한선화 外 ",2014-10-18 00:00:00
결혼계약,  2016년 3월 5일 ~ 2016년 4월 24일 ,  16부작 ,"  가족, 멜로 ",  문화방송 ,  팬 엔터테인먼트   김희열 ,  정유경]] ,"  이서진, 유이(배우) 外 ",2016-03-05 00:00:00
해운대연인들,  2012년 8월 6일 ~ 2012년 9월 25일 ,  16부작 ,,  KBS 2TV ,"  SSD, 티모이앤엠 ",  황은경 ,"  김강우, 조여정, 정석원(배우), 남규리 外 ",2012-08-06 00:00:00
리셋,  2014년 8월 14일 ~ 2014년 10월 26일 ,  10부작 ,  범죄 ,  OCN_LOGO.png ,    ,  장혁린 ,"  천정명, 김소현(1999) 등 ",2014-08-14 00:00:00
위험한여자,  2011년 10월 10일 ~ 2012년 3월 30일 ,  124부작 ,  드라마 ,  문화방송 ,  MBC C&I ,  이홍구(각본가) ,"  고은미, 김정현(1976), 황보라, 여현수  外 ",2011-10-10 00:00:00
시를잊은그대에게,  2018년 3월 26일 ~ 2018년 5월 15일 ,  16부작 ,,  tvN ,  tvN ,"  명수현, 백선우, 최보림 등 ","  이유비, 이준혁, 장동윤 外 ",2018-03-26 00:00:00
부부의세계,  2020년 3월 27일 ~ 2020년 5월 16일 (예정) ,  16부작 ,,  JTBC ,"  드라마하우스, 소금빛미디어  박준서, 이주경, 이현종 ",  주현 ,"  김희애, 박해준 外 ",2020-03-27 00:00:00
베토벤바이러스,  2008년 9월 10일 ~ 2008년 11월 12일 ,  18부작(+스페셜 1부작) ,,  문화방송 ,"  김종학 프로덕션, 스네핑엔터테인먼트, 박창식, 구정회 ","  홍진아, 홍자람  ","  김명민, 이지아, 장근석, 이순재, 박철민 외 ",2008-09-10 00:00:00
본대로말하라,   2020년 2월 1일 ~ 2020년 3월 22일 (예정),  16부작  ,,  OCN ,"  스튜디오드래곤, 에이치하우스   김홍선, 박종학 ","  고영재, 한기현 ","  장혁, 최수영, 진서연 外 ",2020-02-01 00:00:00
라디오로맨스,  2018년 1월 29일 ~ 2018년 3월 20일  ,  16부작 ,,  KBS 2TV ,"  얼반웍스 미디어, 플러시스 미디어 ",  전유리 ,"  윤두준, 김소현(1999), 윤박, 유라(걸스데이) 外 ",2018-01-29 00:00:00
꽃피는봄이오면,  2007년 1월 15일 ~ 2007년 3월 13일 ,  16부작 ,,  한국방송공사 ,  사과나무픽쳐스 ,  권민수 ,"  박건형, 이하나, 박시연, 김남길 外 ",2007-01-15 00:00:00
개과천선,  2014년 4월 30일 ~ 2014년 6월 26일 ,  16부작 ,  드라마 ,  문화방송 ,  제이에스픽처스 ,  최희라 ,"  김명민, 박민영(배우), 김상중, 채정안, 진이한 外 ",2014-04-30 00:00:00
잘났어정말,  2013년 5월 6일 ~ 2013년 10월 4일 ,  108부작 ,  막장 드라마 ,  문화방송 ,  MBC C&I ,  박지현 ,"  하희라, 이형철, 심형탁, 김빈우  外 ",2013-05-06 00:00:00
쓰리데이즈,  2014년 3월 5일 ~ 2014년 5월 1일 ,  16부작 ,"  첩보, 액션 ",  SBS ,"  골든썸픽쳐스, 씨제스엔터테인먼트 ",  김은희 ,"  박유천, 손현주, 박하선, 소이현, 外 ",2014-03-05 00:00:00
위대한이야기,  2015년 3월 15일 ~ 2015년 5월 10일 ,  9부작 ,"  역사, 단막극 ",  TV CHOSUN / tvN ,"  필름오테르, 리얼리티비전 ",   ,  김창완 外 ,2015-03-15 00:00:00
인순이는예쁘다,   2007년 11월 7일 ~ 2007년 12월 27일 ,  16부작 ,,  KBS 2TV ,  김종학프로덕션 ,  정유경 ,"  김현주, 김민준, 이완(배우), 서효림 등 ",2007-11-07 00:00:00
공부의신,  2010년 1월 4일 ~ 2010년 2월 23일 ,  16부작 ,,  KBS ,  드라마하우스 ,  윤경아 ,"  김수로(배우), 배두나, 오윤아, 유승호, 고아성, 이현우(배우), 박지연, 이찬호 外 ",2010-01-04 00:00:00
슈퍼대디열, 2015년 3월 13일 ~ 2015년 5월 2일, 16부작,, tvN,, 김경세," 이동건, 이유리(배우), 이레 外",2015-03-13 00:00:00
식객,  2008년 6월 17일 ~ 2008년 9월 9일 ,  24부작 ,,  SBS ,  JS픽쳐스 ,  박후정 ,"  김래원, 남상미, 김소연(배우), 권오중, 원기준 外 ",2008-06-17 00:00:00
"미안하다,사랑한다",  2004년 11월 8일 ~ 2004년 12월 28일 , 16부작 ,"  멜로, 드라마 ",  한국방송공사 ,  에이트픽스 ,  이경희 ,"  소지섭, 임수정, 정경호(1983), 서지영, 이혜영(1962) 外 ",2004-11-08 00:00:00
수상한파트너,  2017년 5월 10일 ~ 2017년 7월 13일 ,  40부작 ,"  법률, 로맨틱 코미디 ",  SBS ,  더스토리웍스 ,  권기영 ,"  지창욱, 남지현, 최태준, 나라(헬로비너스) 外 ",2017-05-10 00:00:00
쾌도홍길동,  2008년 1월 2일 ~ 2008년 3월 26일 ,  24부작 ,"  드라마, 퓨전 사극 ",  한국방송공사 ,  올리브나인 ,  홍자매 ,"  강지환, 성유리, 장근석 外 ",2008-01-02 00:00:00
도망자Plan.B,  2010년 9월 29일 ~ 2010년 12월 8일 ,  20부작 + 스페셜 1부작 ,,  KBS 2TV ,  도망자에스원문전사 ,  천성일 ,"  비(연예인), 이나영, 이정진, 다니엘 헤니, 윤진서 外 ",2010-09-29 00:00:00
두번째스무살, 2015년 8월 28일 ~ 2015년 10월 17일, 16부작,, tvN,, 소현경," 최지우, 이상윤(배우), 최원영 外",2015-08-28 00:00:00
역전의여왕,  2010년 10월 18일 ~ 2011년 2월 1일 ,  31부작 ,,  문화방송 ,  유니온 엔터테인먼트 ,  박지은(각본가) ,"  김남주, 정준호, 박시후, 채정안, 하유미 外 ",2010-10-18 00:00:00
이브의사랑,  2015년 5월 18일 ~ 2015년 10월 30일 ,  120부작 ,  막장 드라마 ,  문화방송 ,  MBC C&I ,  고은경 ,"  윤세아, 이재황(배우), 김민경(배우), 이동하 外 ",2015-05-18 00:00:00
마녀의법정,  2017년 10월 9일 ~ 2017년 11월 28일 ,  16부작 ,,  KBS 2TV ,  아이윌미디어 ,  정도윤 ,"  정려원, 윤현민, 전광렬, 김여진 外 ",2017-10-09 00:00:00
폭풍의여자,  2014년 11월 3일 ~ 2015년 5월 15일 ,  140부작 ,  막장 드라마 ,  문화방송 ,  MBC C&I ,  은주영 ,"  박선영(1976), 고은미, 현우성, 정찬, 선우재덕 外 ",2014-11-03 00:00:00
사생결단로맨스,  2018년 7월 23일 ~ 2018년 9월 17일 ,  32부작 ,  로맨틱 코미디 ,  문화방송 ,"  세이온미디어, 중휘미디어 ","  김남희, 허승민 ","  지현우, 이시영(배우), 김진엽, 윤주희 外 ",2018-07-23 00:00:00
러블리호러블리,  2018년 8월 13일 ~ 2018년 10월 2일 ,  32부작 ,"  	호러, 로맨틱 코미디 ",  KBS 2TV ,,  박민주 ,"  박시후, 송지효, 이기광, 함은정, 최여진 外 ",2018-08-13 00:00:00
혼,  2009년 8월 5일 ~ 9월 3일 ,  10부작 ,"  드라마, 공포 ",,  문화방송 ,"  고은님, 인은아 ","  이서진, 임주은, 이진, 건일, 지연(1993) 外 ",2009-08-05 00:00:00
땐뽀걸즈,  2018년 12월 3일 ~ 2018년 12월 25일 ,  16부작 ,  성장물 ,  KBS 2TV ,"  MI, NK물산 ",  권혜지 ,"  김갑수, 박세완, 장동윤, 이주영(1987) 外 ",2018-12-03 00:00:00
왕과나,  2007년 8월 27일 ~ 2008년 4월 1일 ,  63부작 ,,  SBS ,"  올리브나인, SBS 프로덕션 ",  유동윤 ,"  오만석, 구혜선,  고주원, 전광렬, 전인화 外 ",2007-08-27 00:00:00
애간장,  2018년 1월 8일 ~2018년 2월 6일 (완결) ,  10부작 ,  로맨스 ,  OCN ,  SBS 플러스 ,  박가연 ,"  이정신, 서지훈(1997), 이열음 외 ",2018-01-08 00:00:00
건빵선생과별사탕,   2005년 4월 13일 ~ 2005년 6월 2일 ,  16부작 ,,  SBS ,  iHQ ,  박계옥 ,"  공유(배우)|공유]], 공효진, 김다현, [[최여진 外 ",2005-04-13 00:00:00
밤을걷는선비,  2015년 7월 8일 ~ 2015년 9월 10일 ,  20부작 ,, 문화방송 ,  콘텐츠 K ,"  장현주, 류용재 ","  이준기, 이유비, 최강창민, 이수혁(배우), 김소은, 장희진 外 ",2015-07-08 00:00:00
"60일,지정생존자",  2019년 7월 1일 ~ 2019년 8월 20일 ,  16부작 ,,,  DK E&M ,  김태희 ,"  지진희, 이준혁, 허준호, 강한나, 배종옥 外 ",2019-07-01 00:00:00
오늘의탐정,  2018년 9월 5일 ~ 2018년 10월 31일 ,  32부작  ,"  미스터리, 멜로 ",  KBS 2TV ,  비욘드제이(Beyond J) ,  한지완 ,"  최다니엘, 박은빈, 이지아 外 ",2018-09-05 00:00:00
애정만만세,  2011년 7월 16일 ~ 2012년 1월 29일 ,  57부작 ,  막장 드라마 ,  문화방송 ,  김종학프로덕션 ,  박현주 ,"  이보영, 이태성, 배종옥, 천호진, 진이한, 변정수 外 ",2011-07-16 00:00:00
검법남녀,  2018년 5월 14일 ~ 2018년 7월 17일 ,  32부작 ,"  법의학, 수사물 ",  문화방송 ,  HB엔터테인먼트 ,"  민지은, 원영실[*A ] ","  정재영, 정유미(1984), 이이경, 박은석, 스테파니 리 등 ",2018-05-14 00:00:00
은실이,  1998년 11월 9일 ~ 1999년 7월 6일 ,  70부작 ,"  시대극, 홈드라마 ",  SBS ,  SBS 프로덕션 ,  이금림  ,,1998-11-09 00:00:00
나는전설이다,  2010년 8월 2일 ~ 2010년 9월 21일 ,  16부작 ,,  SBS ,  에이스토리 ,"  임현경, 마진원 ","  김정은(배우), 홍지민, 장신영, 현쥬니, 이준혁 外 ",2010-08-02 00:00:00
스위치-세상을바꿔라,  2018년 3월 28일 ~ 2018년 5월 17일 ,  32부작 ,,  SBS ,  씨제스프로덕션 ,"  백운철, 김류현 ","  장근석, 한예리, 정웅인, 최재원(배우), 신도현 등 ",2018-03-28 00:00:00
국민여러분!,  2019년 4월 1일 ~ 2019년 5월 28일 ,  36부작 ,"  범죄, 코미디 ",  KBS 2TV ,"  몬스터 유니온, 원콘텐츠 ",  한정훈 ,"  최시원, 이유영, 김민정(1982) 外 ",2019-04-01 00:00:00
훈장오순남,  2017년 4월 24일 ~ 2017년 10월 20일 ,  129부작 ,,  문화방송 ,  문화방송 C&I ,  최연걸 ,"  박시은(1980), 구본승, 장승조, 한수연(배우) 등 ",2017-04-24 00:00:00
저스티스,  2019년 7월 17일 ~ 2019년 9월 5일  ,  32부작 ,  스릴러 ,  KBS 2TV ,"  프로덕션 H, FN 엔터테인먼트 ",,"  최진혁, 손현주, 나나(애프터스쿨), 박성훈(배우) 外 ",2019-07-17 00:00:00
대물,  2010년 10월 6일 ~ 2010년 12월 23일 ,  	24부작 ,,  SBS ,  이김프로덕션 ,"  황은경(1~4회), 유동윤(5~최종회)  ","  고현정, 권상우, 차인표, 이수경 外 ",2010-10-06 00:00:00
돌아와요아저씨,   2016년 2월 24일 ~ 2016년 4월 14일 ,  16부작 ,"  드라마, 판타지 ",  SBS ,"  신영이엔씨, 후너스엔터테인먼트 ","  노혜영, 현주연 ","  비(연예인), 오연서, 김인권, 김수로(배우) 外 ",2016-02-24 00:00:00
가면,  2015년 5월 27일 ~ 2015년 7월 30일 ,  20부작 ,"  멜로, 서스펜스 ",  SBS ,"  골든썸픽쳐스, 심엔터테인먼트 ",  최호철 ,"  수애, 주지훈, 연정훈, 유인영 外 ",2015-05-27 00:00:00
그녀의신화,  2013년 8월 5일 ~2013년 10월 8일 ,  20부작 ,,  JTBC ,  로고스필름 ,  김정아 ,"  최정원(1981년 4월), 김정훈(UN), 손은서, 박윤재 外 ",2013-08-05 00:00:00
특별근로감독관조장풍,  2019년 4월 8일 ~ 2019년 5월 28일 ,  32부작 ,,   문화방송 ,"  실크우드, 헬로콘텐츠 ",  김반디 ,"  김동욱(배우), 김경남, 류덕환, 박세영 外 ",2019-04-08 00:00:00
내조의여왕,  2009년 3월 16일 ~ 2009년 5월 19일 ,  20부작 ,,  문화방송 ,  DRM 미디어 ,  박지은 ,"  김남주, 오지호(배우), 이혜영(1971), 최철호, 윤상현(배우), 선우선 外 ",2009-03-16 00:00:00
골든크로스,  2014년 4월 9일 ~ 2014년 6월 19일 ,  20부작 ,"  드라마, 미스터리, 서스펜스, 범죄 ",  한국방송공사 ,  팬 엔터테인먼트 ,  유현미 ,"  김강우, 이시영(배우), 엄기준, 한은정, 정보석 外 ",2014-04-09 00:00:00
최고의치킨,  2019년 1월 2일 ~ 2019년 2월 7일 ,  12부작  ,,  MBN | Dramax ,"  iHQ, 메이퀸픽쳐스 ","  박찬영, 조아영 ","  박선호(배우), 김소혜(1999), 주우재 ",2019-01-02 00:00:00
서동요,  2005년 9월 5일 ~ 2006년 3월 27일 ,  56부작 ,,  SBS ,  김종학프로덕션 ,   김영현 ,"  조현재, 이보영, 류진(배우) 外 ",2005-09-05 00:00:00
데릴남편오작두,  2018년 3월 3일 ~ 2018년 5월 19일 ,  24부작 ,,  문화방송 , 	팬 엔터테인먼트  ,  유윤경 ,"  김강우, 유이(배우), 한선화, 정상훈 등 ",2018-03-03 00:00:00
방법,  2020년 2월 10일 ~ 2020년 3월 17일 ,  12부작 + 스페셜 1부작 ,,  tvN ,  레진코믹스 ,  연상호 ,"  엄지원, 성동일, 조민수(배우), 정지소 外 ",2020-02-10 00:00:00
그녀는거짓말을너무사랑해, 2017년 3월 20일 ~ 2017년 5월 9일 , 16부작 ,, tvN, 본팩토리, 김경민," 이현우(배우), 조이(레드벨벳), 이정진 外",2017-03-20 00:00:00
마이걸, 2005년 12월 14일 ~ 2006년 2월 2일, 16부작,, SBS," DSP미디어, 칼리스타", 홍자매," 이다해, 이동욱, 이준기, 박시연 外",2005-12-14 00:00:00
가시나무새,  2011년 3월 2일 ~2011년 5월 5일 ,  20부작 ,,  KBS 2TV ,  GnG 프로덕션 ,  이선희 ,"  한혜진(배우), 주상욱, 김민정(1982), 서도영, 차화연 外 ",2011-03-02 00:00:00
프리스트,  2018년 11월 24일 ~ 2019년 1월 20일 ,  16부작 ,"  메디컬, 오컬트 ",  OCN_LOGO.png ,  크레이브웍스 ,  문만세 ,"  연우진, 정유미(1984), 박용우, 장희령 등 ",2018-11-24 00:00:00
너희들은포위됐다,  2014년 5월 7일 ~ 2014년 7월 17일 ,  20부작 ,"  로맨스, 수사물, 액션, 범죄 ",  SBS ,  HB엔터테인먼트 ,  이정선 ,"  이승기, 차승원, 고아라, 안재현 外 ",2014-05-07 00:00:00
99억의여자,  2019년 12월 4일 ~ 2020년 1월 23일 ,  32부작 ,,  KBS 2TV ,  빅토리콘텐츠 ,  한지훈 ,"  조여정, 김강우, 정웅인, 오나라(배우), 이지훈(1988) 外 ",2019-12-04 00:00:00
아버님제가모실게요,  2016년 11월 12일 ~ 2017년 5월 7일  ,  50부작 ,  막장 드라마 ,  문화방송 ,"  삼화네트웍스, 지엔지프로덕션",  조정선 ,"  김재원(배우), 이수경, 이태환, 박은빈 外  ",2016-11-12 00:00:00
용팔이,  2015년 8월 5일 ~ 2015년 10월 1일 ,  18부작 ,  멜로 막장 드라마 ,  SBS ,  HB엔터테인먼트 ,  장혁린 ,"  주원, 김태희, 조현재, 채정안 外 ",2015-08-05 00:00:00
히트,  2007년 3월 19일 ~ 2007년 5월 22일 ,  20부작 ,,  문화방송 ,  김종학 프로덕션 ,"  김영현, 박상연(각본가) ","  고현정, 하정우, 윤지민, 김정민(1968) 外 ",2007-03-19 00:00:00
주몽,  2006년 5월 15일 ~ 2007년 3월 6일 ,  81부작 ,,  문화방송 ,"  초록뱀 미디어, 올리브나인 ","  최완규, 정형수 ","  송일국, 한혜진(배우), 김승수, 허준호, 오연수 外 ",2006-05-15 00:00:00
쇼트,  2018년 2월 12일 ~ 2018년 2월 20일 ,  4부작 ,"  스포츠, 로맨스 ",  OCN ,"  지앤지 테이크투, (주)코퍼스코리아 ",  김정애 ,"  강태오, 여회현, 김도연(위키미키) ",2018-02-12 00:00:00
명성황후,  2001년 5월 9일 ~ 2002년 7월 18일 ,  124부작 ,  한국 사극 ,  KBS 2TV ,  삼화네트웍스 ,  정하연 ,"  이미연(배우), 최명길(배우), 유동근, 이진우 外 ",2001-05-09 00:00:00
시티헌터,  2011년 5월 25일 ~ 2011년 7월 28일 ,  20부작 ,  드라마 ,  서울방송 ,  SSD ,"  황은경, 최수진, 손현수, 이수지 ","  이민호(1987), 박민영(배우), 이준혁, 황선희 外 ",2011-05-25 00:00:00
위대한쇼,  2019년 8월 26일 ~ 2019년 10월 15일 ,  16부작 ,,  tvN ,"  화이브라더스코리아, 롯데컬처웍스 ",  설준석 ,"  송승헌, 이선빈, 임주환, 노정의 外 ",2019-08-26 00:00:00
아이엠샘,  2007년 8월 6일 ~ 2007년 10월 2일 ,  16부작 ,  드라마 ,  KBS ,,  이진매 ,"  양동근, 박민영(배우), 손태영 外 ",2007-08-06 00:00:00
매리는외박중,  2010년 11월 8일 ~ 2010년 12월 28일 ,  16부작 ,  드라마 ,  KBS ,"  ACC코리아, KBS 미디어 ",  인은아 (1화~10화) → 고봉황 (11화~16화) ,"  문근영, 장근석, 김재욱(배우), 김효진(배우) 外 ",2010-11-08 00:00:00
군주-가면의주인,  2017년 5월 10일 ~ 2017년 7월 13일 ,  40부작 ,"  퓨전사극, 정치, 로맨스 ",  문화방송 ,"  피플스토리컴퍼니, 화이브라더스, 드라마피버 ",,"  유승호, 김소현(1999), 엘(인피니트), 윤소희 外 ",2017-05-10 00:00:00
내아이디는강남미인,  2018년 7월 27일 ~ 2018년 9월 15일 ,  16부작 ,,  JTBC ,  아트앤컬쳐 ,  최수연 ,"  임수향, 차은우, 조우리, 곽동연 外 ",2018-07-27 00:00:00
안녕하세요하느님,  2006년 1월 9일 ~  2006년 2월 28일 ,  16부작 ,"  멜로, 드라마 ",  KBS 2TV ,"  김종학프로덕션, 포도나무프로덕션 ",  강은경 ,"  유건, 김옥빈, 이종혁(배우) 外 ",2006-01-09 00:00:00
스포트라이트,  2008년 5월 14일 ~ 2008년 7월 3일 ,  16부작 ,  드라마 ,  문화방송 ,"  스토리허브, 해피테일, 홍순관, 손진영 ","  이기원 → 황주하, 최윤정 ","  손예진, 지진희, 조윤희, 진구 外 ",2008-05-14 00:00:00
태양인이제마,  2002년 7월 24일 ~ 2002년 10월 31일 ,  30부작 ,"  한국 사극, 의학 드라마 ",  KBS 2TV ,  팬 엔터테인먼트 ,"  김항명, 윤선주 ","  최수종, 유호정, 김유미(1979) 外 ",2002-07-24 00:00:00
너를기억해,  2015년 6월 22일 ~ 8월 11일 ,  16부작 ,"  수사물, 로맨스 ",  KBS 2TV ,  CJ E&M ,  권기영 ,"  서인국, 장나라, 박보검, 도경수, 전광렬  外 ",2015-06-22 00:00:00
남자가사랑할때,   2004년 9월 30일 ~ 2004년 11월 18일 ,  16부작 ,,  SBS ,  김종학프로덕션 ,  김윤정 ,"  고수(배우), 박정아, 박예진, 배수빈 外 ",2004-09-30 00:00:00
사랑해서남주나,  2013년 9월 28일 ~ 2014년 3월 30일 ,  50부작 ,  가족 ,  문화방송 ,  아이윌미디어 ,  최현경 ,"  홍수현, 이상엽, 서지석, 신다은 外 ",2013-09-28 00:00:00
시그널, 2016년 1월 22일 ~ 2016년 3월 12일, 16부작," SF, 범죄, 스릴러, 판타지", tvN, 에이스토리, 김은희  김은희(시그널) ,,2016-01-22 00:00:00
타인은지옥이다,  2019년 8월 31일 ~ 2019년  10월 6일 ,  10부작 ,"  공포, 스릴러 ",  OCN ,"  스튜디오N , 영화사 우상 ",  정이도 ,"  임시완, 이동욱, 이정은(1970) 外 ",2019-08-31 00:00:00
구해줘2,  2019년 5월 8일 ~ 2019년 6월 27일 ,  16부작 ,"  스릴러, 범죄 ",  OCN ,  히든시퀀스 ,  서주연 ,"  엄태구, 천호진, 이솜, 김영민(배우) 등 ",2019-05-08 00:00:00
투깝스,  2017년 11월 27일 ~ 2018년 1월 16일 ,  32부작 ,"  판타지, 수사물, 로맨스 ",  문화방송 문화방송 ,  피플스토리컴퍼니 ,  변상순 ,"  조정석, 혜리, 김선호, 임세미, 정해균, 이대연, 김영웅, 오의식, 이호원, 김민종, 이시언, 강성진, 윤봉길, 이재원(배우), 박훈, 최일화, 문지인 등 ",2017-11-27 00:00:00
뿌리깊은나무,  2011년 9월 28일 ~ 2011년 12월 28일 ,  24부작 + 스페셜 3부작 ,  퓨전사극 ,  SBS ,  iHQ ,"  김영현, 박상연(각본가) ","  한석규, 장혁, 신세경, 조진웅, 윤제문 外 ",2011-09-28 00:00:00
로봇이아니야,  2017년 12월 6일 ~ 2018년 1월 25일 ,  32부작 ,"  로맨틱 코미디, 휴먼 ",  문화방송 문화방송 ,  메이퀸픽처스 ,"  김선미, 이석준 ","  유승호, 채수빈, 엄기준, 황승언(배우), 박세완, 송재룡, 고건한, 강기영, 손병호, 이병준, 이해영, 엄효섭(배우), 김하균, 서동원(1979), 이민지(배우), 윤소미 등 ",2017-12-06 00:00:00
아름다운세상,  2019년 4월 5일 ~ 2019년 5월 25일 ,  16부작 ,,  JTBC ,"  MI, NK물산 ",  김지우(각본가) ,"  박희순, 추자현, 오만석, 조여정 外 ",2019-04-05 00:00:00
빛나거나미치거나,  2015년 1월 19일 ~ 2015년 4월 7일 ,  24부작 ,"  판타지, 퓨전사극 ",  문화방송 ,,"  권인찬, 김선미 ","  장혁, 오연서, 이하늬, 임주환 外 ",2015-01-19 00:00:00
저글러스,  2017년 12월 4일 ~ 2018년 1월 23일 ,  16부작 ,,  KBS 2TV ,  STORY TV ,  조용 ,"  백진희, 최다니엘, 강혜정, 이원근 外 ",2017-12-04 00:00:00
장희빈,  1995년 2월 20일 ~ 1995년 9월 26일 ,  63부작 ,  대하사극 ,  SBS ,  SBS 자체제작 ,  임충 ,"  정선경, 임호, 김원희, 견미리, 김영애 外 ",1995-02-20 00:00:00
식샤를합시다2,  2015년 4월 6일 ~ 2015년 6월 2일 ,  18부작 ,, tvN ,  CJ E&M ,  임수미 ,"  윤두준, 서현진(배우), 권율(배우) 外 ",2015-04-06 00:00:00
어셈블리,  2015년 7월 15일 ~ 2015년 9월 17일  ,  20부작 ,  정치 ,  KBS 2TV ,  KBS 미디어  ,  정현민 ,"  정재영, 송윤아, 택연, 장현성, 김서형, 박영규 外 ",2015-07-15 00:00:00
발칙하게고고,  2015년 10월 5일 ~ 2015년 11월 10일 ,  12부작 ,  학원물 ,  KBS 2TV ,  콘텐츠K ,"  윤수정, 정찬미 ","  정은지, 이원근, 지수(배우), 채수빈, 엔(빅스) 外 ",2015-10-05 00:00:00
돌아온일지매,  2009년 1월 21일 ~ 2009년 4월 9일 ,  24부작 ,,  문화방송 ,"  지피워크샵, 로이워크스 ","  김광식, 도영명 ","  정일우, 윤진서, 김민종, 정혜영 外 ",2009-01-21 00:00:00
갑동이,  2014년 4월 11일 ~ 2014년 6월 21일 ,  16부작 ,, tvN ,  팬 엔터테인먼트 ,  권음미 ,"  윤상현(배우), 김민정(1982), 성동일, 이준(배우), 김지원(배우) 外 ",2014-04-11 00:00:00
천국보다낯선,   2006년 7월 31일 ~ 2006년 9월 19일 ,  16부작 ,"  드라마, 코미디, 로드 무비   멜로, 드라마 ",  SBS ,  9만 달러  팝콘필름 ,"  조정화, 박혜련 ","  존 루리, 에스터 벌린트, 리차드 에드슨   이성재, 엄태웅, 김민정(1982) 外 ",2006-07-31 00:00:00
무림학교,  2016년 1월 11일 ~ 2016년 3월 8일 ,  16부작 ,"  학원물, 무협 막장 드라마 ",  KBS 2TV ,  JS픽쳐스 ,  양진아 ,"  신현준, 이현우(배우), 서예지, 홍빈, 정유진(배우) 外 ",2016-01-11 00:00:00
제3의매력,  2018년 9월 28일 ~ 2018년 11월 17일 ,  16부작 ,,  JTBC ,"  이매진아시아, JYP픽쳐스 ","  박희권 , 박은영 ","  서강준, 이솜, 양동근, 이윤지 外 ",2018-09-28 00:00:00
오마이비너스,  2015년 11월 16일 ~ 2016년 1월 5일 ,  16부작 ,  로맨틱 코미디 ,  KBS 2TV ,  몽작소 ,  김은지 ,"  소지섭, 신민아, 정겨운, 유인영 外 ",2015-11-16 00:00:00
리치맨,  2018년 5월 9일 ~ 2018년 6월 28일 ,  16부작 ,,  Dramax ｜ MBN ,  iHQ ,"  황조윤, 박정예 ","  수호(EXO), 하연수, 오창석(배우), 김예원(배우) 外 ",2018-05-09 00:00:00
설렘주의보,  2018년 10월 31일 ~ 2018년 12월 20일 ,  16부작 ,,  MBN | Dramax ,   (유)설렘주의보 ,  김신혜 ,"  천정명, 윤은혜, 한고은, 주우재, 표지훈, 이혜란 ",2018-10-31 00:00:00
운빨로맨스,  2016년 5월 25일 ~ 2016년 7월 14일 ,  16부작 ,  로맨틱 코미디 ,  문화방송 ,  심엔터테인먼트 ,  최윤교 ,"  황정음, 류준열, 이수혁(배우), 이청아 外 ",2016-05-25 00:00:00
꽃보다남자,  2009년 1월 5일 ~ 2009년 3월 31일 ,  25부작 + 스페셜 1부작 ,  로맨틱 코미디 ,  KBS 2TV ,"  그룹에이트], 미안하다, 사랑한다, 궁(드라마) 등을 제작한 에이트픽스에서 송병준(1960) 대표가 독립하여 갈라져 나온 회사로, 궁S, 탐나는도다, [[예쁜 남자(드라마), 내일도 칸타빌레, 싸우자 귀신아(드라마) 등 만화 원작 드라마를 다수 제작했다.] ",  윤지련 ,"  구혜선, 이민호(1987), 김현중(SS501), 김범, 김준(배우) 外 ",2009-01-05 00:00:00
다시만난세계,  2017년 7월 19일 ~ 2017년 9월 21일 ,  40부작 ,"  판타지, 로맨스 ",  SBS ,  (주)아이엠티브이 ,  이희명]] ,"  여진구, 이연희(배우), 안재현, 정채연 外 ",2017-07-19 00:00:00
타짜,  2008년 9월 16일 ~ 2008년 11월 25일 ,  21부작 ,,  SBS ,"  올리브 나인, 디마 엔터테인먼트 ","  설준석, 진헌수, 임헌기, 박형진 ","  장혁, 한예슬, 김민준(배우), 강성연, 김갑수, 손현주 外 ",2008-09-16 00:00:00
운명처럼널사랑해,  2014년 7월 2일 ~ 2014년 9월 4일 ,  20부작 ,"  드라마, 로맨틱 코미디 ",  문화방송 ,"  (주)넘버쓰리픽처스, 페이지원필름(주) ","  주찬옥, 조진국 ","  장혁, 장나라, 최진혁, 왕지원 外 ",2014-07-02 00:00:00
천국의계단,  2003년 12월 3일 ~ 2004년 2월 5일 ,  20부작 ,  막장드라마 ,  SBS ,  로고스 필름 ,  박혜경 ,"  권상우, 최지우, 신현준, 김태희 外 ",2003-12-03 00:00:00
돌아온싱글,   2005년 6월 8일 ~ 2005년 7월 21일 ,  14부작 ,,  SBS ,  제이 프러스미디어 ,"  김순덕, 한은경 ","  김성민(1973), 김지호(배우), 조미령, 정선경, 강경준 外 ",2005-06-08 00:00:00
불한당,  2008년 1월 2일 ~ 2008년 2월 28일 ,  16부작 ,  드라마 ,  SBS ,  iHQ ,  김규완 ,"  장혁, 이다해 外 ",2008-01-02 00:00:00
고스트,  1999년 7월 12일 ~ 1999년 8월 31일 ,  16부작 ,,  SBS ,  김종학프로덕션  ,  강은경  ,"  장동건, 김민종, 명세빈, 김상중, 박지윤(멀티 엔터테이너) 外 ",1999-07-12 00:00:00
이몽,  2019년 5월 4일 ~ 2019년 7월 13일 ,  40부작 ,,  문화방송 ,  이몽 스튜디오 문화전문회사 ,  조규원 ,"  이요원, 유지태, 임주환, 남규리, 박하나 外 ",2019-05-04 00:00:00
킬잇,  2019년 3월 23일 ~ 2019년 4월 28일 ,  12부작 ,"  액션, 멜로 ",  OCN_LOGO.png ,"  스튜디오드래곤, 크레이브웍스 ","  손현수, 최명진 ","  장기용, 나나(애프터스쿨) 外 ",2019-03-23 00:00:00
"괜찮아,사랑이야",  2014년 7월 23일 ~ 2014년 9월 11일 ,  16부작 ,"  로맨틱 코미디, 멜로 ",  SBS ,"  http://gtist.com/, CJ E&M   김규태, 최진희, 박지영 ",  노희경 ,"  조인성, 공효진, 성동일, 이광수(배우), 도경수 外 ",2014-07-23 00:00:00
따뜻한말한마디,  2013년 12월 2일 ~ 2014년 2월 24일 ,  20부작 ,  멜로 ,  SBS ,  HB엔터테인먼트 ,  하명희 ,"  한혜진(배우), 지진희, 김지수(배우), 이상우(배우), 外 ",2013-12-02 00:00:00
죽어도좋아,  2018년 11월 7일 ~ 2018년 12월 27일  ,  32부작 + 스페셜 1부작 ,  오피스 코미디 ,  KBS 2TV ,"  와이피플이엔티, 프로덕션H ",  임서라 ,"  강지환, 백진희, 공명(배우) 外 ",2018-11-07 00:00:00
SKY캐슬, 2018년 11월 23일 ~ 2019년 2월 1일 , 20부작 ,,," HB엔터테인먼트, 드라마하우스  75억원 ", 유현미 ," 염정아, 정준호, 이태란, 최원영, 윤세아, 김병철(배우), 오나라(배우), 조재윤, 김서형 外 ",2018-11-23 00:00:00
패션왕,  2012년 3월 19일 ~ 2012년 5월 22일 ,  20부작 ,,  SBS ,  이관희 프로덕션 ,"  이선미, 김기호 ","  유아인, 신세경, 이제훈, 유리(소녀시대) 外 ",2012-03-19 00:00:00
돈꽃,  2017년 11월 11일 ~ 2018년 2월 3일 ,  24부작 ,,  문화방송 ,  UFO 프로덕션 ,  이명희 ,"  장혁, 박세영, 장승조, 이미숙, 이순재, 한소희(배우), 문유빈, 선우재덕, 신영진, 임강성, 윤선영, 이항나, 박지일, 추귀정, 류담, 박정학 등 ",2017-11-11 00:00:00
일지매,  2008년 5월 21일 ~ 2008년 7월 24일 ,  20부작 ,"  사극, 액션, 멜로 ",  서울방송 ,  초록뱀미디어 ,  최란 ,,2008-05-21 00:00:00
흑기사,  2017년 12월 6일 ~ 2018년 2월 8일 ,  20부작 ,,  KBS 2TV ,  n.CH엔터테인먼트 ,  김인영(각본가) ,,2017-12-06 00:00:00
예쁜남자,  2013년 11월 20일 ~ 2014년 1월 9일 ,  16부작 ,,  KBS 2TV ,"  그룹에이트, 파인애플 홀딩스 ",  유영아 ,"  장근석, 아이유, 이장우(배우), 한채영 外 ",2013-11-20 00:00:00
우리가만난기적,  2018년 4월 2일 ~ 2018년 5월 29일 ,  18부작 ,,  KBS 2TV ,  에이스토리 ,  백미경 ,"  김명민, 김현주, 라미란, 고창석 등 ",2018-04-02 00:00:00
착하지않은여자들,  2015년 2월 25일 ~ 2015년 5월 14일  ,  24부작 ,,  KBS 2TV ,  IOK 미디어 ,  김인영(각본가) ,"  김혜자, 채시라, 도지원, 이하나 外 ",2015-02-25 00:00:00
"그겨울,바람이분다", 2013년 2월 13일 ~ 2013년 4월 3일 , 16부작 ,,,, 노희경 ," 송혜교, 조인성, 김범, 정은지 外 ",2013-02-13 00:00:00
포세이돈,  2011년 9월 19일 ~ 2011년 11월 8일 ,  16부작 ,  드라마 ,  KBS ,  KBS 드라마 제작국 ,  조규원 ,"  이성재, 이시영(배우), 시원(슈퍼주니어) 外 ",2011-09-19 00:00:00
달콤한원수,  2017년 6월 12일 ~ 2017년 12월 1일 ,  124부작,,  SBS ,  SM Life Design   안석준 ,  백영숙 ,"  박은혜, 유건, 이재우(1981), 박태인 등 ",2017-06-12 00:00:00
고교처세왕,  2014년 6월 16일 ~ 2014년 8월 12일 ,  17부작 ,, tvN ,  오보이프로젝트 ,"  양희승, 조성희 ","  서인국, 이하나, 이수혁(배우), 이열음 外 ",2014-06-16 00:00:00
내게거짓말을해봐,  2011년 5월 9일 ~ 2011년 6월 28일 ,  16부작 ,  로맨틱코미디 ,  SBS ,"  (유)내게거짓말을해봐문화산업전문회사, 베르디미디어 ","  김예리(1~10회), 최윤정(11~16회), 황주하(11~16회) ","  강지환, 윤은혜, 성준(배우), 조윤희, 박지윤(멀티 엔터테이너) 外 ",2011-05-09 00:00:00
쓸쓸하고찬란하神-도깨비, 2016년 12월 2일 ~ 2017년 1월 21일 , 16부작,, tvN ," 화앤담픽쳐스, 스튜디오드래곤 160억원", 김은숙," 공유(배우), 김고은, 이동욱, 유인나, 육성재 등",2016-12-02 00:00:00
어쩌다발견한하루,  2019년 10월 2일 ~ 2019년 11월 21일 ,  32부작 ,,  문화방송 ,"  문화방송 드라마본부, 래몽래인 ","  송하영, 인지혜 ","  김혜윤, 로운, 이재욱(1998), 이나은, 정건주, 김영대(배우), 이태리(배우) 外 ",2019-10-02 00:00:00
란제리소녀시대,  2017년 9월 11일 ~ 2017년 10월 3일 ,  8부작 ,,  KBS 2TV ,"  SM Life Design, 씨그널엔터테인먼트그룹 ",  윤경아 ,"  보나, 채서진, 서영주, 이종현(가수), 여회현, 민도희 外 ",2017-09-11 00:00:00
맛좀보실래요,  2019년 11월 12일 ~ 2020년 5월 1일 ,  124부작 (예정) ,,  SBS ,  셀트리온 엔터테인먼트  박문철  ,  김도현 ,"  심이영, 서도영, 서하준, 한가림, 이슬아(배우) 外 ",2019-11-12 00:00:00
화려한유혹, 2015년 10월 5일 ~ 2016년 3월 22일 , 50부작 ," 멜로, 막장 드라마 ", 문화방송 , 메이퀸픽쳐스 ," 손영목, 차이영 "," 최강희(배우), 주상욱, 차예련, 정진영(배우) 外 ",2015-10-05 00:00:00
여왕의꽃,  2015년 3월 14일 ~ 2015년 8월 30일 ,  50부작 ,,  문화방송 ,"  지앤지프로덕션, 김종학프로덕션 ",  박현주 ,"  김성령, 이종혁(배우), 윤박, 이성경 外 ",2015-03-14 00:00:00
닥터스,  2016년 6월 20일 ~ 2016년 8월 23일 ,  20부작 ,"  의학,휴먼,멜로 ",  SBS ,  팬엔터테인먼트 ,  하명희 ,"  김래원, 박신혜, 이성경, 윤균상 外 ",2016-06-20 00:00:00
얼렁뚱땅흥신소, 2007년 10월 8일 ~ 2007년 11월 27일 , 16부작 , 드라마 , 한국방송공사 ," 지앤지프로덕션, 삼화네트웍스 ", 박연선 ," 예지원, 이민기, 류승수, 이은성 外 ",2007-10-08 00:00:00
옥탑방왕세자,  2012년 3월 21일 ~ 2012년 5월 24일 ,  20부작 ,"  로맨틱 코미디, 타임슬립 ",  SBS ,  SBS 플러스 ,  이희명 ,"  박유천, 한지민, 이태성, 정유미(1984) 外 ",2012-03-21 00:00:00
태왕사신기,  2007년 9월 11일 ~ 2007년 12월 5일 ,  24부작 + 스페셜 1부 ,, 문화방송 ,"  김종학프로덕션, TSG컴퍼니 ","  송지나, 박경수(각본가) ","  배용준, 이지아, 문소리, 윤태영 外 ",2007-09-11 00:00:00
캐리어를끄는여자,  2016년 9월 26일 ~ 2016년 11월 15일 ,  16부작 ,"  법정, 로맨스 ",  문화방송 ,  스튜디오드래곤 ,  권음미 ,"  최지우, 주진모(1974), 전혜빈, 이준(배우) 外 ",2016-09-26 00:00:00
내성적인보스, 2017년 1월 16일 ~ 2017년 3월 14일, 16부작 ,, tvN," 내성적인 보스 문화산업 전문회사, KBS 미디어", 주화미," 연우진, 박혜수, 윤박 外",2017-01-16 00:00:00
육룡이나르샤,  2015년 10월 5일 ~ 2016년 3월 22일 ,  50부작 ,  대하퓨전사극 ,  SBS ,  뿌리깊은나무들(주) ,"  김영현, 박상연(각본가) ","  김명민, 유아인, 신세경, 변요한, 윤균상, 천호진 外 ",2015-10-05 00:00:00
너도인간이니?,  2018년 6월 4일 ~ 2018년 8월 7일 ,  36부작 ,,  KBS 2TV ,  몬스터유니온 ,  조정주 ,"  서강준, 공승연, 이준혁, 박환희 外 ",2018-06-04 00:00:00
형수님은열아홉,   2004년 7월 28일 ~ 2004년 9월 23일 ,  16부작 ,,  SBS ,  JS픽쳐스 ,  진수완 ,"  정다빈(1980), 윤계상, 김재원(배우), 김민희(1982) 外 ",2004-07-28 00:00:00
이죽일놈의사랑,   2005년 10월 31일 ~  2005년 12월 20일 ,  16부작 ,"  멜로, 드라마 ",  KBS 2TV ,  에이트픽스 ,  이경희 ,"  비(연예인), 신민아, 이기우(배우), 김사랑 外   박지선, 박소라(코미디언), 김대성(코미디언) ",2005-10-31 00:00:00
최고의사랑,,  16부작 ,,  MBC ,  유현종 ,  홍자매 ,"   차승원, 공효진, 윤계상, 유인나, 정준하, 이희진(배우), 최화정 외 ",unknown
봄의왈츠,  2006년 3월 6일 ~ 2006년 5월 16일 ,  20부작 ,"  멜로, 드라마 ",  KBS 2TV ,  윤스칼라 ,"  정유경 넌 어느 별에서 왔니를 집필하여 본인의 작품끼리 경쟁하는 미묘한 상황이 벌어지기도 하였다. https://entertain.naver.com/read?oid=001&aid=0001243784.], 김지연, 황다은, 구지원, 하미선 ","  서도영, 한효주, 다니엘 헤니, 이소연(배우) 外 ",2006-03-06 00:00:00
커피하우스,   2010년 5월 17일 ~ 2010년 7월 27일 ,  16부작 ,,  SBS ,  MBK엔터테인먼트 ,  송재정 ,"  강지환, 박시연, 은정(티아라), 정웅인 外 ",2010-05-17 00:00:00
간택-여인들의전쟁, 2019년 12월 14일 ~ 2020년 2월 9일 ,  16부작 ,"  로맨스, 퓨전사극 ",  TV CHOSUN ,"  하이그라운드, 코탑미디어   홍승철, 고대화 ",  최수미 ,"  진세연, 김민규(배우), 이시언, 도상우, 이열음 外 ",2019-12-14 00:00:00
미씽나인,  2017년 1월 18일 ~ 2017년 3월 9일 ,  16부작(스페셜 1부작) ,  미스터리 ,  문화방송 ,  SM C&C ,,"  정경호(1983), 백진희 外 ",2017-01-18 00:00:00
열혈사제,  2019년 2월 15일 ~ 2019년 4월 20일 ,  40부작 + 스페셜 1부작 + 스페셜 우리는 열혈사이다 ,  블랙 코미디 ,  SBS ,  삼화네트웍스 ,  박재범(각본가) ,"  김남길, 김성균, 이하늬, 금새록, 고준 外 ",2019-02-15 00:00:00
친애하는판사님께, 2018년 7월 25일 ~ 2018년 9월 20일 , 32부작 , 법정물 , SBS ," 더스토리웍스, iHQ ", 천성일 ," 윤시윤, 이유영, 박병은, 나라(헬로비너스) 外 ",2018-07-25 00:00:00
안녕드라큘라,   2020년 2월 17일 ~ 2020년 2월 18일 ,  2부작 ,  드라마 ,  JTBC ,  드라마하우스   박준서 ,  하정윤 ,"  서현(소녀시대), 이지현, 이주빈, 고나희, 서은율, 오만석, 지일주 外 ",2020-02-17 00:00:00
여우야뭐하니,  2006년 9월 20일 ~ 2006년 11월 9일 ,  16부작 ,"  드라마, 로맨틱 코미디 ",  문화방송 ,,  김도우(각본가) ,"  고현정, 천정명, 조연우(배우), 손현주, 고준희 外 ",2006-09-20 00:00:00
닥터프로스트,  2014년 11월 23일 ~ 2015년 2월 1일 ,  10부작 ,  범죄 ,  OCN_LOGO.png ,,  허지영 ,"  송창의, 정은채, 성지루, 이윤지, 최정우 등 ",2014-11-23 00:00:00
풀하우스,  2004년 7월 14일 ~ 2004년 9월 2일 ,  16부작 ,  로맨틱코미디 ,  한국방송공사 ,  김종학프로덕션 ,  민효정 ,"  송혜교, 비(연예인), 한은정, 김성수(배우) 外 ",2004-07-14 00:00:00
"고맙다,아들아",  2015년 2월 11일 ~ 2015년 2월 12일  ,  2부작 ,,  KBS 2TV ,  FNC 엔터테인먼트 ,  유현미 ,"  이대연, 윤유선, 안재민 外 ",2015-02-11 00:00:00
뱀파이어탐정,  2016년 3월 27일 ~ 2016년 6월 12일  ,  12부작 ,  범죄 ,  OCN_LOGO.png ,  에이치픽쳐스 ,  유영선 ,"  이준(배우), 오정세, 이세영(배우) ",2016-03-27 00:00:00
낭만닥터김사부2,  2020년 1월 6일 ~ 2020년 2월 25일 ,  16부작 ,,  SBS ,"  삼화네트웍스   안제현, 신상윤 ",  강은경 ,"  한석규, 안효섭, 이성경, 진경(배우), 임원희, 소주연 外 ",2020-01-06 00:00:00
섬마을선생님,   2004년 6월 2일~ 2004년 7월 22일 ,  총 16부작 ,,  SBS ,  에이트픽스 ,"  김의석, 이윤진 ","  김민종, 한지혜, 박은혜, 이동욱 外  ",2004-06-02 00:00:00
그냥사랑하는사이,  2017년 12월 11일 ~ 2018년 1월 30일 ,  16부작 ,,  JTBC ,  셀트리온 엔터테인먼트 ,  유보라 ,"  준호(2PM), 원진아, 이기우, 강한나, 윤세아, 김강현(배우), 나문희, 윤유선, 안내상, 한서진, 박희본 등 ",2017-12-11 00:00:00
태양의여자,  2008년 5월 28일 ~ 2008년 7월 31일 ,  20부작 ,"  드라마, 통속극 ",  한국방송공사 ,  팬 엔터테인먼트 ,  김인영(각본가) ,"  김지수(배우), 이하나, 정겨운, 한재석 外 ",2008-05-28 00:00:00
빛나는로맨스, 2013년 12월 23일 ~ 2014년 6월 20일 , 122부작 ," 가족, 로맨스, 막장 드라마 ", 문화방송 , 문화방송 , 서현주 ," 이진, 박윤재, 조안, 윤희석(배우), 김수연(배우) 外 ",2013-12-23 00:00:00
"하이드지킬,나",  2015년 1월 21일 ~ 2015년 3월 26일 ,  20부작 ,  로맨틱 코미디 ,  SBS ,"  H E&M, KPJ ",  김지운 ,"  현빈, 한지민, 성준(배우), 혜리 外 ",2015-01-21 00:00:00
엄마가바람났다,  2020년 5월 4일 ~ 2020년 10월 16일 ,  120부작 (예정) ,,  SBS ,"  메가몬스터  이준호, 김용진", 안서정 ,  外 ,2020-05-04 00:00:00
로드넘버원,   2010년 6월 23일 ~ 2010년 8월 26일 ,  20부작 ,"  드라마, 전쟁 ",  문화방송 ,  로고스필름 ,  한지훈 ,"  소지섭, 김하늘, 윤계상, 최민수, 손창민 外 ",2010-06-23 00:00:00
동백꽃필무렵,  2019년 9월 18일 ~ 2019년 11월 21일 ,  40부작 + 스페셜 2부작 ,,  KBS 2TV | 넷플릭스 ,  팬엔터테인먼트   김희열 ,  임상춘 ,"  공효진, 강하늘, 김지석(배우), 지이수, 오정세, 염혜란, 손담비, 김강훈, 고두심, 이정은(1970) 外 ",2019-09-18 00:00:00
리턴,  2018년 1월 17일 ~ 2018년 3월 22일 ,  34부작 ,"  범죄, 서스펜스, 스릴러 ",  SBS ,  더스토리윅스 ,  최경미 ,"  박진희(1978), 이진욱, 신성록, 박기웅, 봉태규, 정은채, 윤종훈 外 ",2018-01-17 00:00:00
응답하라1994,  2013년 10월 18일 ~ 2013년 12월 28일 ,  21부작 ,,  tvN ,,"  이우정, 이선혜, 김대주, 김란주, 정보훈 ","  성동일, 이일화, 고아라, 정우, 유연석 外 ",2013-10-18 00:00:00
베이비시터,  2016년 3월 14일 ~ 2016년 3월 22일 ,  4부작 ,,  KBS 2TV ,  엘앤홀딩스 ,  최효비 ,"  조여정, 김민준, 신윤주, 이승준(배우) 外 ",2016-03-14 00:00:00
마녀의연애,  2014년 4월 14일 ~ 2014년 6월 10일 ,  16부작 ,, tvN ,  그룹에이트 ,"  반기리, 이선정 ","  엄정화, 박서준, 한재석, 정연주(배우) 外 ",2014-04-14 00:00:00
나쁜형사,  2018년 12월 3일 ~ 2019년 1월 29일 ,  32부작 ,  수사물 ,  문화방송 , iHQ ,"  허준우, 강이헌 ","  신하균, 이설(배우), 박호산, 김건우 外 ",2018-12-03 00:00:00
마왕,  2007년 3월 21일 ~ 2007년 5월 24일 ,  20부작 ,  복수극 ,  KBS 2TV ,  올리브나인 ,  김지우(각본가) ,"  신민아, 엄태웅, 주지훈 외 ",2007-03-21 00:00:00
"90일,사랑할시간",  2006년 11월 15일 ~ 2007년 1월 4일 ,  16부작 ,"  드라마, 멜로 ",  문화방송 ,  김남원 ,"  박해영, 김정아 ","  강지환, 김하늘, 정혜영, 윤희석(배우) 外 ",2006-11-15 00:00:00
왕은사랑한다,  2017년 7월 17일 ~ 2017년 9월 19일 ,  40부작 ,,  문화방송 ,  유스토리나인 ,  송지나 ,"  임시완, 윤아(소녀시대), 홍종현 外 ",2017-07-17 00:00:00
그녀가돌아왔다,  2005년 6월 27일 ~ 2005년 8월 16일 ,  16부작 ,"  멜로, 드라마, 미스터리 ",  KBS 2TV ,  디지털돔 ,  문은아 ,"  김효진(배우), 김남진, 김주승, 서지혜 外 ",2005-06-27 00:00:00
부자의탄생,  2010년 3월 1일 ~ 2010년 5월 4일 ,  20부작 ,,  한국방송공사 ,  크리에이티브그룹 다다 ,  최민기 ,"  이보영, 지현우, 남궁민, 이시영(배우) 外 ",2010-03-01 00:00:00
라스트,  2015년 7월 24일 ~ 2015년 9월 12일 ,  16부작 ,, JTBC ,"  드라마하우스, 에이스토리 ",  한지훈 ,"  윤계상, 이범수, 서예지, 박예진, 박원상 外 ",2015-07-24 00:00:00
산부인과,  2010년 2월 3일 ~ 2010년 3월 25일 ,  16부작 ,,  SBS ,  JS픽쳐스 ,  최희라 ,"  장서희, 고주원, 서지석, 송중기, 이영은(1982) 外 ",2010-02-03 00:00:00
천일의약속,   2011년 10월 17일 ~ 2011년 12월 20일 ,  20부작 ,,  SBS ,  예인 E&M ,  김수현(작가) ,"  수애, 김래원, 정유미(1984), 이상우(배우), 이미숙 外 ",2011-10-17 00:00:00
으라차차와이키키,  2018년 2월 5일 ~ 2018년 4월 17일 ,  20부작 ,,  JTBC ,"  씨제스 프로덕션, 드라마하우스 ","  김기호, 송지은, 송미소, 원혜진, 김효주 ","  김정현(1990), 이이경, 손승원, 정인선, 고원희, 이주우 등 ",2018-02-05 00:00:00
블러드,  2015년 2월 16일 ~ 2015년 4월 21일 ,  20부작 ,"  멜로, 의학 드라마 ",  KBS 2TV ,  IOK 미디어 ,  박재범(각본가) ,"  안재현, 구혜선, 지진희 外 ",2015-02-16 00:00:00
보고싶다,  2012년 11월 7일 ~ 2013년 1월 17일 ,  21부작 ,,  문화방송 ,  이김프로덕션 ,  문희정 ,"  박유천, 윤은혜, 유승호, 장미인애 外 ",2012-11-07 00:00:00
그남자오수,  2018년 3월 5일 ~ 2018년 4월 24일 ,  16부작 ,  로맨스 범죄 ,  OCN ,  (주)아이엠티브이 ,  정유선 ,"  이종현(가수), 김소은 외 ",2018-03-05 00:00:00
대군-사랑을그리다,  2018년 3월 3일 ~ 2018년 5월 6일 ,  20부작 ,"  사극, 멜로 ",  TV CHOSUN ,"  예인 E&M, C-STORY ",  조현경 ,"  윤시윤, 진세연, 주상욱, 류효영 外 ",2018-03-03 00:00:00
남자가사랑할때,  2013년 4월 3일 ~ 2013년 6월 6일 ,  20부작 ,"  드라마, 멜로 ",  문화방송 ,  아이윌미디어 ,  김인영(각본가) ,"  송승헌, 신세경, 채정안, 연우진 外 ",2013-04-03 00:00:00
여우각시별,  2018년 10월 1일 ~ 2018년 11월 26일  ,  32부작 ,"  판타지, 성장, 휴먼, 멜로 ",  SBS ,"  삼화네트웍스, 김종학프로덕션 ",  강은경 ,"  이제훈, 채수빈, 이동건, 김지수(배우) 外 ",2018-10-01 00:00:00
안투라지,  2016년 11월 4일 ~ 2016년 12월 24일 ,  16부작  ,,  tvN ,  CJ E&M ,"  서재원, 권소라 ","  서강준, 박정민(배우), 조진웅, 이광수(배우), 이동휘(배우) 外 ",2016-11-04 00:00:00
미스터기간제,  2019년 7월 17일 ~ 2019년 9월 5일 ,  16부작 ,"  추리, 범죄, 스릴러 ",  OCN ,  JS픽쳐스 ,  장홍철 ,"  윤균상, 금새록, 이준영(1997), 최유화 外 ",2019-07-17 00:00:00
스타의연인,  2008년 12월 10일 ~ 2009년 2월 12일 ,  20부작 ,,  SBS ,  올리브나인 ,  오수연 ,"  최지우, 유지태, 이기우(배우), 차예련 外 ",2008-12-10 00:00:00
이산,  2007년 9월 17일 ~ 2008년 6월 16일 ,  77부작 ,"  드라마, 퓨전사극 ",  문화방송 ,  김종학 프로덕션 ,  김이영 ,"  이서진, 한지민, 이순재, 한상진 外 ",2007-09-17 00:00:00
강적들,   2008년 4월 14일 ~ 2008년 6월 3일 ,  16부작 ,,  KBS 2TV ,  KBS 미디어 ,  강은경 ,"  채림, 이종혁(배우), 이진욱 外 ",2008-04-14 00:00:00
오자룡이간다,  2012년 11월 19일 ~ 2013년 5월 17일 ,  129부작 ,"  가족, 로맨스 막장 드라마 ",  문화방송 ,"  DK E&M, 커튼콜 미디어 ",  김사경 ,"  이장우(배우), 오연서, 진태현, 서현진(배우) 外 ",2012-11-19 00:00:00
시카고타자기,  2017년 4월 7일 ~ 2017년 6월 3일 ,  16부작 ,"  로맨스, 드라마, 판타지, 코미디, 시대극, 미스터리 ",  tvN ,   THE UNICORN ,  진수완 ,"  유아인, 임수정, 고경표, 곽시양 등 ",2017-04-07 00:00:00
절대그이,  2019년 5월 15일 ~ 2019년 7월 11일 ,  36부작 ,"  판타지, 로맨스 ",  SBS ,"  아폴로픽쳐스, iHQ ","  양혁문, 장아미 ","  여진구, 방민아, 홍종현, 최성원(배우), 홍서영(배우) 外 ",2019-05-15 00:00:00
돌아온복단지,  2017년 5월 15일 ~ 2017년 11월 24일,  122부작 ,,  문화방송 ,"  JS픽쳐스, 주식회사 아인   이진석, 송미헌 ",  마주희 ,"  강성연, 고세원, 송선미, 이필모 등 ",2017-05-15 00:00:00
내손을잡아,  2013년 10월 7일 ~ 2014년 4월 4일 ,  130부작 ,  막장 드라마 ,  문화방송 ,  MBC C&I ,  홍승희 ,"  박시은(1980), 이재황(배우), 진태현, 배그린 外 ",2013-10-07 00:00:00
멜로가체질,  2019년 8월 9일 ~ 2019년 9월 28일 ,  16부작 + 스페셜 1부작 ,,  JTBC   넷플릭스  왓챠플레이,  삼화네트웍스 ,"  이병헌(감독), 김영영 ","  천우희, 전여빈, 한지은(배우), 안재홍(배우), 공명(배우) 外 ",2019-08-09 00:00:00
기황후, 2013년 10월 28일 ~ 2014년 4월 29일  , 51부작 , 사극 , MBC , 이김 프로덕션 ," 장영철, 정경순 "," 하지원, 주진모(1974), 지창욱, 백진희 外 ",2013-10-28 00:00:00
연애말고결혼,,  16부작 ,,  tvN ,  IOK미디어 ,  주화미 ,"  연우진, 한그루, 정진운, 한선화, 허정민, 윤소희 등 ",unknown
맨투맨,  2017년 4월 21일 ~ 2017년 6월 10일 ,  16부작 ,"  액션, 첩보, 코미디 ",  JTBC ,"  드라마하우스, 마운틴무브먼트스토리 ",  김원석 ,"  박해진, 박성웅, 김민정(1982) ,정만식, 연정훈, 채정안, 장현성 外 ",2017-04-21 00:00:00
시티홀,  2009년 4월 29일 ~ 2009년 7월 2일 ,  20부작 ,,  SBS ,  예인문화 ,  김은숙 ,"  김선아, 차승원, 추상미, 이형철, 윤세아, 이준혁, 정수영(배우), 최일화, 차화연, 박주아, 김진성, 최상훈, 염동헌, 박태경, 류성현, 신정근, 임대일, 강주형 등 ",2009-04-29 00:00:00
부잣집아들,  2018년 3월 25일 ~ 2018년 10월 7일 ,  100부작 ,,  문화방송 ,  이관희 프로덕션 ,  김정수(각본가) ,"  김지훈(배우), 김주현(배우), 이규한, 홍수현 등 ",2018-03-25 00:00:00
너의목소리가들려,  2013년 6월 5일 ~ 2013년 8월 1일 ,  18부작 ,,  SBS ,  DRM미디어 ,  박혜련 ,"  이종석(배우), 이보영, 윤상현(배우), 이다희, 정웅인 外 ",2013-06-05 00:00:00
신입사관구해령,  2019년 7월 17일 ~ 2019년 9월 26일  ,  40부작 + 스페셜 2부작 ,,  문화방송 | Netflix ,  초록뱀미디어 ,  김호수[*A ] ,"  신세경, 차은우, 박기웅 外 ",2019-07-17 00:00:00
날녹여주오,  2019년 9월 28일 ~ 2019년 11월 17일 ,  16부작 ,"  판타지, 로맨스, 미스터리 ",  tvN ,  스토리피닉스   백미경 ,  백미경 ,"  지창욱, 원진아, 윤세아 등 ",2019-09-28 00:00:00
숨바꼭질,  2018년 8월 25일 ~ 2018년 11월 17일 ,  48부작 ,,  문화방송 ,  네오엔터테인먼트 ,  설경은 ,"  이유리(배우), 송창의, 엄현경, 김영민(배우) 外 ",2018-08-25 00:00:00
17세의조건,  2019년 8월 5일 ~ 2019년 8월 6일 ,  2부작 ,,  SBS ,  ,  류보리 ,"  윤찬영, 박시은(2001) 外 ",2019-08-05 00:00:00
